"File","Namespace"
"E:\my\NSL\ASPNET\Blazor\NSL.ASPNET.Blazor\Components\IFormComponent.cs","NSL.ASPNET.Blazor.Components"
"E:\my\NSL\ASPNET\Blazor\NSL.ASPNET.Blazor\Components\IRightSidebarComponent.cs","NSL.ASPNET.Blazor.Components"
"E:\my\NSL\ASPNET\Blazor\NSL.ASPNET.Blazor\Components\ISidebarComponent.cs","NSL.ASPNET.Blazor.Components"
"E:\my\NSL\ASPNET\Blazor\NSL.ASPNET.Blazor\Components\EntityFilter\BaseEntityFilterComponent.razor.cs","NSL.ASPNET.Blazor.Components.EntityFilter"
"E:\my\NSL\ASPNET\Blazor\NSL.ASPNET.Blazor\Components\EntityFilter\EntityFilterBuilderBlockDataModel.cs","NSL.ASPNET.Blazor.Components.EntityFilter"
"E:\my\NSL\ASPNET\Blazor\NSL.ASPNET.Blazor\Components\EntityFilter\EntityFilterBuilderDataModel.cs","NSL.ASPNET.Blazor.Components.EntityFilter"
"E:\my\NSL\ASPNET\Blazor\NSL.ASPNET.Blazor\Components\EntityFilter\EntityFilterBuilderTypeValueComponentAttribute.cs","NSL.ASPNET.Blazor.Components.EntityFilter"
"E:\my\NSL\ASPNET\Blazor\NSL.ASPNET.Blazor\Components\EntityFilter\EntityFilterBuilderValueComponent.cs","NSL.ASPNET.Blazor.Components.EntityFilter"
"E:\my\NSL\ASPNET\Blazor\NSL.ASPNET.Blazor\Components\EntityFilter\IEntityFilterBuilderComponentData.cs","NSL.ASPNET.Blazor.Components.EntityFilter"
"E:\my\NSL\ASPNET\Blazor\NSL.ASPNET.Blazor\Components\EntityFilter\IEntityFilterBuilderComponentRegistry.cs","NSL.ASPNET.Blazor.Components.EntityFilter"
"E:\my\NSL\ASPNET\Blazor\NSL.ASPNET.Blazor\Components\EntityFilter\IEntityFilterBuilderFragmentComponent.cs","NSL.ASPNET.Blazor.Components.EntityFilter"
"E:\my\NSL\ASPNET\Blazor\NSL.ASPNET.Blazor\Components\EntityFilter\PlatformEntityFilterBuilderComponentRegistry.cs","NSL.ASPNET.Blazor.Components.EntityFilter"
"E:\my\NSL\ASPNET\Blazor\NSL.ASPNET.Blazor\Components\ErrorHandle\ErrorHandleComponent.cs","NSL.ASPNET.Blazor.Components.ErrorHandle"
"E:\my\NSL\ASPNET\Blazor\NSL.ASPNET.Blazor\Components\ErrorHandle\ErrorHandleContext.cs","NSL.ASPNET.Blazor.Components.ErrorHandle"
"E:\my\NSL\ASPNET\Blazor\NSL.ASPNET.Blazor\Components\Input\BaseInputComponent.cs","NSL.ASPNET.Blazor.Components.Input"
"E:\my\NSL\ASPNET\Blazor\NSL.ASPNET.Blazor\Components\Input\BaseSelectorComponent.cs","NSL.ASPNET.Blazor.Components.Input"
"E:\my\NSL\ASPNET\Blazor\NSL.ASPNET.Blazor\Components\Pagination\PaginatorBaseComponent.cs","NSL.ASPNET.Blazor.Components.Pagination"
"E:\my\NSL\ASPNET\Blazor\NSL.ASPNET.Blazor\Components\Tab\BaseNSLTabButtonComponent.cs","NSL.ASPNET.Blazor.Components.Tab"
"E:\my\NSL\ASPNET\Blazor\NSL.ASPNET.Blazor\Components\Tab\BaseNSLTabsComponent.cs","NSL.ASPNET.Blazor.Components.Tab"
"E:\my\NSL\ASPNET\Blazor\NSL.ASPNET.Blazor\Context\ContexableComponent.cs","NSL.ASPNET.Blazor.Context"
"E:\my\NSL\ASPNET\Blazor\NSL.ASPNET.Blazor\Context\EntityListComponentContext.cs","NSL.ASPNET.Blazor.Context"
"E:\my\NSL\ASPNET\Blazor\NSL.ASPNET.Blazor\Context\IComponentContext.cs","NSL.ASPNET.Blazor.Context"
"E:\my\NSL\ASPNET\Blazor\NSL.ASPNET.Blazor\Context\IEntityListComponentContext.cs","NSL.ASPNET.Blazor.Context"
"E:\my\NSL\ASPNET\Blazor\NSL.ASPNET.Blazor\Context\IInitializingComponentContext.cs","NSL.ASPNET.Blazor.Context"
"E:\my\NSL\ASPNET\Blazor\NSL.ASPNET.Blazor\Context\IPageableListComponentContext.cs","NSL.ASPNET.Blazor.Context"
"E:\my\NSL\ASPNET\Blazor\NSL.ASPNET.Blazor\Context\IUpdatableComponentContext.cs","NSL.ASPNET.Blazor.Context"
"E:\my\NSL\ASPNET\Blazor\NSL.ASPNET.Blazor\Develop\DevelopLaunchUrlExtensions.cs","NSL.ASPNET.Blazor.Develop"
"E:\my\NSL\ASPNET\Blazor\NSL.ASPNET.Blazor\Services\NSLErrorsService.cs","NSL.ASPNET.Blazor.Services"
"E:\my\NSL\ASPNET\Blazor\NSL.ASPNET.Blazor\Services\NSLLayoutService.cs","NSL.ASPNET.Blazor.Services"
"E:\my\NSL\ASPNET\Blazor\NSL.ASPNET.Blazor\Services\NSLTabsService.cs","NSL.ASPNET.Blazor.Services"
"E:\my\NSL\ASPNET\Blazor\NSL.ASPNET.Blazor.HttpClient\HttpContent\FormHttpContentExtensions.cs","NSL.ASPNET.Blazor.HttpClient.HttpContent"
"E:\my\NSL\ASPNET\Blazor\NSL.ASPNET.Blazor.HttpClient\Validators\ServerModelValidator.cs","NSL.ASPNET.Blazor.HttpClient.Validators"
"E:\my\NSL\ASPNET\Blazor\NSL.ASPNET.Blazor.Localization\IEditableLocalizationService.cs","NSL.ASPNET.Blazor.Localization"
"E:\my\NSL\ASPNET\Blazor\NSL.ASPNET.Blazor.Localization\LocalizationEditorComponent.cs","NSL.ASPNET.Blazor.Localization"
"E:\my\NSL\ASPNET\Blazor\NSL.ASPNET.Blazor.Localization\LocalizationItemComponent.razor.cs","NSL.ASPNET.Blazor.Localization"
"E:\my\NSL\ASPNET\Configuration\NSL.ASPNET.Configuration\DbConfigurationItemModel.cs","NSL.ASPNET.Configuration"
"E:\my\NSL\ASPNET\Configuration\NSL.ASPNET.Configuration\DbConfigurationItemModelEntity.cs","NSL.ASPNET.Configuration"
"E:\my\NSL\ASPNET\Configuration\NSL.ASPNET.Configuration\DbConfigurationOptions.cs","NSL.ASPNET.Configuration"
"E:\my\NSL\ASPNET\Configuration\NSL.ASPNET.Configuration\DbConfigurationProvider.cs","NSL.ASPNET.Configuration"
"E:\my\NSL\ASPNET\Configuration\NSL.ASPNET.Configuration\DbConfigurationSource.cs","NSL.ASPNET.Configuration"
"E:\my\NSL\ASPNET\Configuration\NSL.ASPNET.Configuration\DbConfigurationStartupExtensions.cs","NSL.ASPNET.Configuration"
"E:\my\NSL\ASPNET\Configuration\Tests\NSL.ASPNET.Configuration.Tests\TestVariableModel.cs","NSL.ASPNET.Configuration.Tests"
"E:\my\NSL\ASPNET\Configuration\Tests\NSL.ASPNET.Configuration.Tests\TestVariablesDbContext.cs","NSL.ASPNET.Configuration.Tests"
"E:\my\NSL\ASPNET\Configuration\Tests\NSL.ASPNET.Configuration.Tests\Migrations\20240808232309_init.cs","NSL.ASPNET.Configuration.Tests.Migrations"
"E:\my\NSL\ASPNET\Configuration\Tests\NSL.ASPNET.Configuration.Tests\Migrations\20240808232309_init.Designer.cs","NSL.ASPNET.Configuration.Tests.Migrations"
"E:\my\NSL\ASPNET\Configuration\Tests\NSL.ASPNET.Configuration.Tests\Migrations\TestVariablesDbContextModelSnapshot.cs","NSL.ASPNET.Configuration.Tests.Migrations"
"E:\my\NSL\ASPNET\Database\Filter\NSL.Database.EntityFramework.Filter.ASPNET\FilterResultResponse.cs","NSL.Database.EntityFramework.Filter.ASPNET"
"E:\my\NSL\ASPNET\Database\Filter\NSL.Database.EntityFramework.Filter.Host.ASPNET\DBQueryUtils.cs","NSL.Database.EntityFramework.Filter.Host.ASPNET"
"E:\my\NSL\ASPNET\Database\Filter\NSL.Database.EntityFramework.Filter.Host.ASPNET\FilterResultResponse.cs","NSL.Database.EntityFramework.Filter.Host.ASPNET"
"E:\my\NSL\ASPNET\Database\NSL.Database.EntityFramework.ASPNET\BaseDBTransactionAttribute.cs","NSL.Database.EntityFramework.ASPNET"
"E:\my\NSL\ASPNET\Database\NSL.Database.EntityFramework.ASPNET\CacheItemService.cs","NSL.Database.EntityFramework.ASPNET"
"E:\my\NSL\ASPNET\Database\NSL.Database.EntityFramework.ASPNET\Extensions.cs","NSL.Database.EntityFramework.ASPNET"
"E:\my\NSL\ASPNET\Database\NSL.Database.EntityFramework.ASPNET\NSLPostgresErrorExtensions.cs","NSL.Database.EntityFramework.ASPNET"
"E:\my\NSL\ASPNET\FileStorage\NSL.FileStorage\AzureFileSystemProvider.cs","NSL.FileStorage"
"E:\my\NSL\ASPNET\FileStorage\NSL.FileStorage\FileSystemServiceExtensions.cs","NSL.FileStorage"
"E:\my\NSL\ASPNET\FileStorage\NSL.FileStorage\FileSystemUploadResult.cs","NSL.FileStorage"
"E:\my\NSL\ASPNET\FileStorage\NSL.FileStorage\IFileSystemProvider.cs","NSL.FileStorage"
"E:\my\NSL\ASPNET\FileStorage\NSL.FileStorage\LocalFileSystemProvider.cs","NSL.FileStorage"
"E:\my\NSL\ASPNET\Identity\NSL.ASPNET.Identity\ClientIdentity\Extensions.cs","NSL.ASPNET.Identity.ClientIdentity"
"E:\my\NSL\ASPNET\Identity\NSL.ASPNET.Identity\ClientIdentity\IdentityAuthorizationService.cs","NSL.ASPNET.Identity.ClientIdentity"
"E:\my\NSL\ASPNET\Identity\NSL.ASPNET.Identity\ClientIdentity\IdentityService.cs","NSL.ASPNET.Identity.ClientIdentity"
"E:\my\NSL\ASPNET\Identity\NSL.ASPNET.Identity\ClientIdentity\MessageHandlers\HttpMessageIdentityHandler.cs","NSL.ASPNET.Identity.ClientIdentity.MessageHandlers"
"E:\my\NSL\ASPNET\Identity\NSL.ASPNET.Identity\ClientIdentity\Providers\IdentityPolicyProvider.cs","NSL.ASPNET.Identity.ClientIdentity.Providers"
"E:\my\NSL\ASPNET\Identity\NSL.ASPNET.Identity\ClientIdentity\Providers\IdentityStateProvider.cs","NSL.ASPNET.Identity.ClientIdentity.Providers"
"E:\my\NSL\ASPNET\Identity\NSL.ASPNET.Identity\ClientIdentity\Providers\Options\IdentityPolicyOptions.cs","NSL.ASPNET.Identity.ClientIdentity.Providers.Options"
"E:\my\NSL\ASPNET\Identity\NSL.ASPNET.Identity\JWT\IdentityJWTService.cs","NSL.ASPNET.Identity.JWT"
"E:\my\NSL\ASPNET\Identity\NSL.ASPNET.Identity.Host\Extensions.cs","NSL.ASPNET.Identity.Host"
"E:\my\NSL\ASPNET\Identity\NSL.ASPNET.Identity.Host\JWTIdentityDataModel.cs","NSL.ASPNET.Identity.Host"
"E:\my\NSL\ASPNET\Localization\NSL.ASPNET.Localization.Shared\BaseCreateLocalizationItemRequestModel.cs","NSL.ASPNET.Localization.Shared"
"E:\my\NSL\ASPNET\Localization\NSL.ASPNET.Localization.Shared\BaseStaticLocalizationItemModel.cs","NSL.ASPNET.Localization.Shared"
"E:\my\NSL\ASPNET\Localization\NSL.ASPNET.Localization.Shared\CachedLocalizationEntityModel.cs","NSL.ASPNET.Localization.Shared"
"E:\my\NSL\ASPNET\Localization\NSL.ASPNET.Localization.Shared\ILocalizationService.cs","NSL.ASPNET.Localization.Shared"
"E:\my\NSL\ASPNET\Localization\NSL.ASPNET.Localization.Shared\ILocalizationSource.cs","NSL.ASPNET.Localization.Shared"
"E:\my\NSL\ASPNET\Localization\NSL.ASPNET.Localization.Shared\LocalizationUtils.cs","NSL.ASPNET.Localization.Shared"
"E:\my\NSL\ASPNET\Localization\NSL.ASPNET.Localization.Shared\StaticLocalizationIdentityModel.cs","NSL.ASPNET.Localization.Shared"
"E:\my\NSL\ASPNET\Logging\NSL.ASPNET.MemoryLogger\MemoryLogger.cs","NSL.ASPNET.MemoryLogger"
"E:\my\NSL\ASPNET\Logging\NSL.ASPNET.MemoryLogger\MemoryLoggerProvider.cs","NSL.ASPNET.MemoryLogger"
"E:\my\NSL\ASPNET\Logging\NSL.ASPNET.MemoryLogger\MemoryLogRecordModel.cs","NSL.ASPNET.MemoryLogger"
"E:\my\NSL\ASPNET\Logging\NSL.ASPNET.MemoryLogger\StartupExtensions.cs","NSL.ASPNET.MemoryLogger"
"E:\my\NSL\ASPNET\Logging\NSL.Logger.AspNet\ILoggerWrapper.cs","NSL.Logger.AspNet"
"E:\my\NSL\ASPNET\Node\Examples\NSL.Node.AspNetExample\Program.cs","NSL.Node.AspNetExample"
"E:\my\NSL\ASPNET\Node\Examples\NSL.Node.AspNetExample\Controllers\ExampleController.cs","NSL.Node.AspNetExample.Controllers"
"E:\my\NSL\ASPNET\Node\Examples\NSL.Node.AspRoomServerExample\Program.cs","NSL.Node.AspRoomServerExample"
"E:\my\NSL\ASPNET\Node\NSL.Node.BridgeLobbyClient.AspNetCore\Extensions.cs","NSL.Node.BridgeLobbyClient.AspNetCore"
"E:\my\NSL\ASPNET\Node\NSL.Node.BridgeServer.AspNetCore\ASPNETStartupExtensions.cs","NSL.Node.BridgeServer.AspNetCore"
"E:\my\NSL\ASPNET\Node\NSL.Node.BridgeServer.AspNetCore\LS\LobbyServerAspEntry.cs","NSL.Node.BridgeServer.AspNetCore.LS"
"E:\my\NSL\ASPNET\Node\NSL.Node.BridgeServer.AspNetCore\RS\RoomServerAspEntry.cs","NSL.Node.BridgeServer.AspNetCore.RS"
"E:\my\NSL\ASPNET\Node\NSL.Node.RoomServer.AspNetCore\ASPNETStartupExtensions.cs","NSL.Node.RoomServer.AspNetCore"
"E:\my\NSL\ASPNET\Node\NSL.Node.RoomServer.AspNetCore\Client\ClientServerAspEntry.cs","NSL.Node.RoomServer.AspNetCore.Client"
"E:\my\NSL\ASPNET\NSL.ASPNET\IdentityExtensions.cs","NSL.ASPNET"
"E:\my\NSL\ASPNET\NSL.ASPNET\ServicesExtensions.cs","NSL.ASPNET"
"E:\my\NSL\ASPNET\NSL.ASPNET\Attributes\RegisterServiceAttribute.cs","NSL.ASPNET.Attributes"
"E:\my\NSL\ASPNET\NSL.ASPNET\Develop\ServicesExtensions.cs","NSL.ASPNET.Develop"
"E:\my\NSL\ASPNET\NSL.ASPNET\Develop\Services\LaunchUrlReceiveService.cs","NSL.ASPNET.Develop.Services"
"E:\my\NSL\ASPNET\NSL.ASPNET\ModelBinders\FormDataJsonBinder.cs","NSL.ASPNET.ModelBinders"
"E:\my\NSL\ASPNET\NSL.ASPNET\Services\NSLRootTimerService.cs","NSL.ASPNET.Services"
"E:\my\NSL\ASPNET\NSL.ASPNET.Mvc\ActionProcessing.cs","NSL.ASPNET.Mvc"
"E:\my\NSL\ASPNET\NSL.ASPNET.Mvc\BaseResponse.cs","NSL.ASPNET.Mvc"
"E:\my\NSL\ASPNET\NSL.ASPNET.Mvc\ControllerResults.cs","NSL.ASPNET.Mvc"
"E:\my\NSL\ASPNET\NSL.ASPNET.Mvc\DataListResponse.cs","NSL.ASPNET.Mvc"
"E:\my\NSL\ASPNET\NSL.ASPNET.Mvc\DataResponse.cs","NSL.ASPNET.Mvc"
"E:\my\NSL\ASPNET\NSL.ASPNET.Mvc\HttpResponseErrorModel.cs","NSL.ASPNET.Mvc"
"E:\my\NSL\ASPNET\NSL.ASPNET.Mvc\IdResponseResult.cs","NSL.ASPNET.Mvc"
"E:\my\NSL\ASPNET\NSL.ASPNET.Mvc\Route\ModelStateMiddleware.cs","NSL.ASPNET.Mvc.Route"
"E:\my\NSL\ASPNET\NSL.ASPNET.Mvc\Route\Attributes\HttpGetActionAttribute.cs","NSL.ASPNET.Mvc.Route.Attributes"
"E:\my\NSL\ASPNET\NSL.ASPNET.Mvc\Route\Attributes\HttpPostActionAttribute.cs","NSL.ASPNET.Mvc.Route.Attributes"
"E:\my\NSL\ASPNET\NSL.ASPNET.Routing\NSLBadRequestException.cs","NSL.ASPNET.Routing"
"E:\my\NSL\ASPNET\NSL.ASPNET.Routing\ErrorHandler\NSLErrorsHandleMiddleware.cs","NSL.ASPNET.Routing.ErrorHandler"
"E:\my\NSL\ASPNET\NSL.ASPNET.Routing\ErrorHandler\NSLErrorsHandleMiddlewareExtensions.cs","NSL.ASPNET.Routing.ErrorHandler"
"E:\my\NSL\ASPNET\NSL.ASPNET.Routing\ErrorHandler\NSLErrorsHandleService.cs","NSL.ASPNET.Routing.ErrorHandler"
"E:\my\NSL\ASPNET\RestoreData\NSL.DataSource.ASPNET\IRestoreDataSource.cs","NSL.DataSource.ASPNET"
"E:\my\NSL\ASPNET\RestoreData\NSL.DataSource.ASPNET\LocalFolderRestoreDataConfigurationModel.cs","NSL.DataSource.ASPNET"
"E:\my\NSL\ASPNET\RestoreData\NSL.DataSource.ASPNET\LocalFolderRestoreDataSource.cs","NSL.DataSource.ASPNET"
"E:\my\NSL\ASPNET\RestoreData\NSL.DataSource.ASPNET\LocalFolderRestoreDataSourceExtensions.cs","NSL.DataSource.ASPNET"
"E:\my\NSL\ASPNET\SMTP\NSL.SMTP.ASPNET\BaseEmailSender.cs","NSL.SMTP.ASPNET"
"E:\my\NSL\ASPNET\SMTP\NSL.SMTP.ASPNET\EmailSender.cs","NSL.SMTP.ASPNET"
"E:\my\NSL\ASPNET\SMTP\NSL.SMTP.ASPNET\EmailSenderExtensions.cs","NSL.SMTP.ASPNET"
"E:\my\NSL\ASPNET\SMTP\NSL.SMTP.ASPNET\SMTPByteArrayComparer.cs","NSL.SMTP.ASPNET"
"E:\my\NSL\ASPNET\SMTP\NSL.SMTP.ASPNET\SMTPClientConfigurationModel.cs","NSL.SMTP.ASPNET"
"E:\my\NSL\ASPNET\SMTP\NSL.SMTP.ASPNET\SMTPConfigurationModel.cs","NSL.SMTP.ASPNET"
"E:\my\NSL\ASPNET\Snapshotter\NSL.Snapshotter.ASPNET\SnapshotEndpoints.cs","NSL.Snapshotter.ASPNET"
"E:\my\NSL\ASPNET\Snapshotter\NSL.Snapshotter.ASPNET\Http\BaseRoutesSnapshotter.cs","NSL.Snapshotter.ASPNET.Http"
"E:\my\NSL\ASPNET\Snapshotter\NSL.Snapshotter.ASPNET\Http\HttpRouteSnapshotter.cs","NSL.Snapshotter.ASPNET.Http"
"E:\my\NSL\ASPNET\Snapshotter\NSL.Snapshotter.ASPNET\Http\IHttpRouteSnapshotter.cs","NSL.Snapshotter.ASPNET.Http"
"E:\my\NSL\ASPNET\Snapshotter\NSL.Snapshotter.ASPNET\Http\RouteNormalize.cs","NSL.Snapshotter.ASPNET.Http"
"E:\my\NSL\ASPNET\Snapshotter\NSL.Snapshotter.ASPNET\Http\RouteParamSnapshot.cs","NSL.Snapshotter.ASPNET.Http"
"E:\my\NSL\ASPNET\Snapshotter\NSL.Snapshotter.ASPNET\Http\RouteSnapshotItem.cs","NSL.Snapshotter.ASPNET.Http"
"E:\my\NSL\ASPNET\Snapshotter\NSL.Snapshotter.ASPNET\Http\RoutesSnapshotter.cs","NSL.Snapshotter.ASPNET.Http"
"E:\my\NSL\ASPNET\Tests\NSL.ASPNET.Test\Program.cs","NSL.ASPNET.Test"
"E:\my\NSL\ASPNET\Tests\NSL.ASPNET.Test\WeatherForecast.cs","NSL.ASPNET.Test"
"E:\my\NSL\ASPNET\Tests\NSL.ASPNET.Test\Controllers\HomeController.cs","NSL.ASPNET.Test.Controllers"
"E:\my\NSL\ASPNET\Tests\NSL.ASPNET.Test\Services\Service1.cs","NSL.ASPNET.Test.Services"
"E:\my\NSL\ASPNET\WebSockets\NSL.Builder.WebSockets.AspNetCoreIntegrationExample\Program.cs","NSL.Builder.WebSockets.AspNetCoreIntegrationExample"
"E:\my\NSL\ASPNET\WebSockets\NSL.Builder.WebSockets.AspNetCoreIntegrationExample\NetworkClient\WSNetworkClientInfo.cs","NSL.Builder.WebSockets.AspNetCoreIntegrationExample.NetworkClient"
"E:\my\NSL\ASPNET\WebSockets\NSL.Builder.WebSockets.AspNetCoreIntegrationExample\RPCContainers\TestRPCContainer.cs","NSL.Builder.WebSockets.AspNetCoreIntegrationExample.RPCContainers"
"E:\my\NSL\ASPNET\WebSockets\NSL.BuilderExtensions.WebSocketsServer.AspNet\AspNetExtensions.cs","NSL.BuilderExtensions.WebSocketsServer.AspNet"
"E:\my\NSL\ASPNET\WebSockets\NSL.BuilderExtensions.WebSocketsServer.AspNet\AspNetWebSocketsServerEndPointBuilder.cs","NSL.BuilderExtensions.WebSocketsServer.AspNet"
"E:\my\NSL\ASPNET\WebSockets\NSL.WebSockets.Server.AspNetPoint\AspNetWebSocketsServer.cs","NSL.WebSockets.Server.AspNetPoint"
"E:\my\NSL\ASPNET\WebSockets\NSL.WebSockets.Server.AspNetPoint\AspNetWSNetworkServerClient.cs","NSL.WebSockets.Server.AspNetPoint"
"E:\my\NSL\ASPNET\WebSockets\NSL.WebSockets.Server.AspNetPoint\AspNetWSServerClient.cs","NSL.WebSockets.Server.AspNetPoint"
"E:\my\NSL\Base\Examples\NSL.Cipher.TestExample\Program.cs","NSL.Cipher.TestExample"
"E:\my\NSL\Base\NSL.Cipher\CipherConfiguration.cs","NSL.Cipher"
"E:\my\NSL\Base\NSL.Cipher\XorCipher.cs","NSL.Cipher"
"E:\my\NSL\Base\NSL.Cipher\AES\AESCipher.cs","NSL.Cipher.AES"
"E:\my\NSL\Base\NSL.Cipher\DES\DESCipher.cs","NSL.Cipher.DES"
"E:\my\NSL\Base\NSL.Cipher\MD5\MD5Cipher.cs","NSL.Cipher.MD5"
"E:\my\NSL\Base\NSL.Cipher\RC\RC4\RC4Cipher.cs","NSL.Cipher.RC.RC4"
"E:\my\NSL\Base\NSL.Cipher\RC\RC4\XRC4Cipher.cs","NSL.Cipher.RC.RC4"
"E:\my\NSL\Base\NSL.Cipher\RC\RC5\RC5Cipher.cs","NSL.Cipher.RC.RC5"
"E:\my\NSL\Base\NSL.Cipher\RSA\RSACipher.cs","NSL.Cipher.RSA"
"E:\my\NSL\Base\NSL.Cipher\SHA\SHA1Cipher.cs","NSL.Cipher.SHA"
"E:\my\NSL\Base\NSL.Logger\BaseLogger.cs","NSL.Logger"
"E:\my\NSL\Base\NSL.Logger\ConsoleLogger.cs","NSL.Logger"
"E:\my\NSL\Base\NSL.Logger\Extensions.cs","NSL.Logger"
"E:\my\NSL\Base\NSL.Logger\FileLogger.cs","NSL.Logger"
"E:\my\NSL\Base\NSL.Logger\PerformanceLogger.cs","NSL.Logger"
"E:\my\NSL\Base\NSL.Logger\Info\LogMessageInfo.cs","NSL.Logger.Info"
"E:\my\NSL\Base\NSL.Logger\Interface\ILogger.cs","NSL.Logger.Interface"
"E:\my\NSL\Base\NSL.Utils.JsonSchemeGen.Attributes\NSLJsonSchemeAttribute.cs","NSL.Utils.JsonSchemeGen.Attributes"
"E:\my\NSL\Base\NSL.Utils.JsonSchemeGen.Attributes\NSLJsonSchemePropertyAttribute.cs","NSL.Utils.JsonSchemeGen.Attributes"
"E:\my\NSL\ConfigurationEngine\NSL.ConfigurationEngine\BaseConfigurationManager.cs","NSL.ConfigurationEngine"
"E:\my\NSL\ConfigurationEngine\NSL.ConfigurationEngine\ConfigurationStorage.cs","NSL.ConfigurationEngine"
"E:\my\NSL\ConfigurationEngine\NSL.ConfigurationEngine\Info\ConfigurationInfo.cs","NSL.ConfigurationEngine.Info"
"E:\my\NSL\ConfigurationEngine\NSL.ConfigurationEngine\Providers\BaseConfigurationProvider.cs","NSL.ConfigurationEngine.Providers"
"E:\my\NSL\ConfigurationEngine\NSL.ConfigurationEngine\Providers\CommandLineArgsConfigurationProvider.cs","NSL.ConfigurationEngine.Providers"
"E:\my\NSL\ConfigurationEngine\NSL.ConfigurationEngine\Providers\EnvironmentVariableConfigurationProvider.cs","NSL.ConfigurationEngine.Providers"
"E:\my\NSL\ConfigurationEngine\NSL.ConfigurationEngine\Providers\FileConfigurationProvider.cs","NSL.ConfigurationEngine.Providers"
"E:\my\NSL\ConfigurationEngine\NSL.ConfigurationEngine\Providers\IConfigurationProvider.cs","NSL.ConfigurationEngine.Providers"
"E:\my\NSL\ConfigurationEngine\NSL.ConfigurationEngine\Providers\NoProviderLoadingProvider.cs","NSL.ConfigurationEngine.Providers"
"E:\my\NSL\ConfigurationEngine\NSL.ConfigurationEngine.Tests\JsonTests.cs","NSL.ConfigurationEngine.Tests"
"E:\my\NSL\ConfigurationEngine\NSL.ConfigurationEngine.Tests\TestConfigurationManager.cs","NSL.ConfigurationEngine.Tests"
"E:\my\NSL\ConfigurationEngine\Providers\NSL.ConfigurationEngine.Providers.IConfiguration\ConfigurationExtensions.cs","NSL.ConfigurationEngine.Providers.IConfiguration"
"E:\my\NSL\ConfigurationEngine\Providers\NSL.ConfigurationEngine.Providers.IConfiguration\IConfigurationProvider.cs","NSL.ConfigurationEngine.Providers.IConfiguration"
"E:\my\NSL\ConfigurationEngine\Providers\NSL.ConfigurationEngine.Providers.Json\JsonConfigurationProvider.cs","NSL.ConfigurationEngine.Providers.Json"
"E:\my\NSL\Core\BuilderExtensions\NSL.BuilderExtensions.Buffer\Extensions.cs","NSL.BuilderExtensions.Buffer"
"E:\my\NSL\Core\BuilderExtensions\NSL.BuilderExtensions.SocketCore\Extensions.cs","NSL.BuilderExtensions.SocketCore"
"E:\my\NSL\Core\BuilderExtensions\NSL.BuilderExtensions.SocketCore.Unity\Extensions.cs","NSL.BuilderExtensions.SocketCore.Unity"
"E:\my\NSL\Core\Examples\NSL.Extensions.Session.Example\Program.cs","NSL.Extensions.Session.Example"
"E:\my\NSL\Core\Examples\NSL.Extensions.Version.Example\Program.cs","NSL.Extensions.Version.Example"
"E:\my\NSL\Core\NSL.EndPointBuilder\IHandleIOBuilder.cs","NSL.EndPointBuilder"
"E:\my\NSL\Core\NSL.EndPointBuilder\IOptionableEndPointBuilder.cs","NSL.EndPointBuilder"
"E:\my\NSL\Core\NSL.SocketClient\BaseSocketNetworkClient.cs","NSL.SocketClient"
"E:\my\NSL\Core\NSL.SocketClient\ClientOptions.cs","NSL.SocketClient"
"E:\my\NSL\Core\NSL.SocketClient\Utils\IClientPacket.cs","NSL.SocketClient.Utils"
"E:\my\NSL\Core\NSL.SocketClient\Utils\ILockedPacket.cs","NSL.SocketClient.Utils"
"E:\my\NSL\Core\NSL.SocketClient\Utils\IOptionableEndPointClientBuilder.cs","NSL.SocketClient.Utils"
"E:\my\NSL\Core\NSL.SocketClient\Utils\IPacketMessage.cs","NSL.SocketClient.Utils"
"E:\my\NSL\Core\NSL.SocketClient\Utils\IPacketReceive.cs","NSL.SocketClient.Utils"
"E:\my\NSL\Core\NSL.SocketClient\Utils\Packet\PacketHelper.cs","NSL.SocketClient.Utils.Packet"
"E:\my\NSL\Core\NSL.SocketClient\Utils\Session\ClientSessionExtensions.cs","NSL.SocketClient.Utils.Session"
"E:\my\NSL\Core\NSL.SocketClient\Utils\Session\NSLSessionClientOptions.cs","NSL.SocketClient.Utils.Session"
"E:\my\NSL\Core\NSL.SocketClient\Utils\Session\Packets\NSLRecoverySessionPacket.cs","NSL.SocketClient.Utils.Session.Packets"
"E:\my\NSL\Core\NSL.SocketClient\Utils\SystemPackets\ClientAliveConnectionPacket.cs","NSL.SocketClient.Utils.SystemPackets"
"E:\my\NSL\Core\NSL.SocketClient\Utils\SystemPackets\ClientSystemTimePacket.cs","NSL.SocketClient.Utils.SystemPackets"
"E:\my\NSL\Core\NSL.SocketClient\Utils\Version\ClientVersionExtensions.cs","NSL.SocketClient.Utils.Version"
"E:\my\NSL\Core\NSL.SocketClient\Utils\Version\Packets\NSLVersionPacket.cs","NSL.SocketClient.Utils.Version.Packets"
"E:\my\NSL\Core\NSL.SocketClient.Unity\Utils\UnityPacketMessage.cs","NSL.SocketClient.Unity.Utils"
"E:\my\NSL\Core\NSL.SocketCore\CoreOptions.cs","NSL.SocketCore"
"E:\my\NSL\Core\NSL.SocketCore\IClient.cs","NSL.SocketCore"
"E:\my\NSL\Core\NSL.SocketCore\INetworkNode.cs","NSL.SocketCore"
"E:\my\NSL\Core\NSL.SocketCore\Utils\ClientObjectBag.cs","NSL.SocketCore.Utils"
"E:\my\NSL\Core\NSL.SocketCore\Utils\IAsyncPacket.cs","NSL.SocketCore.Utils"
"E:\my\NSL\Core\NSL.SocketCore\Utils\INetworkClient.cs","NSL.SocketCore.Utils"
"E:\my\NSL\Core\NSL.SocketCore\Utils\INSLConfiguration.cs","NSL.SocketCore.Utils"
"E:\my\NSL\Core\NSL.SocketCore\Utils\Int128.cs","System"
"E:\my\NSL\Core\NSL.SocketCore\Utils\IPacket.cs","NSL.SocketCore.Utils"
"E:\my\NSL\Core\NSL.SocketCore\Utils\IPacketCipher.cs","NSL.SocketCore.Utils"
"E:\my\NSL\Core\NSL.SocketCore\Utils\NSLObjectBagKeys.cs","NSL.SocketCore.Utils"
"E:\my\NSL\Core\NSL.SocketCore\Utils\NSLSystemPacketEnum.cs","NSL.SocketCore.Utils"
"E:\my\NSL\Core\NSL.SocketCore\Utils\SendAsyncState.cs","NSL.SocketCore.Utils"
"E:\my\NSL\Core\NSL.SocketCore\Utils\UDPChannelEnum.cs","NSL.SocketCore.Utils"
"E:\my\NSL\Core\NSL.SocketCore\Utils\Buffer\BufferExtensions.cs","NSL.SocketCore.Utils.Buffer"
"E:\my\NSL\Core\NSL.SocketCore\Utils\Buffer\InputPacketBuffer.cs","NSL.SocketCore.Utils.Buffer"
"E:\my\NSL\Core\NSL.SocketCore\Utils\Buffer\OutputPacketBuffer.cs","NSL.SocketCore.Utils.Buffer"
"E:\my\NSL\Core\NSL.SocketCore\Utils\Cipher\CipherCodingException.cs","NSL.SocketCore.Utils.Cipher"
"E:\my\NSL\Core\NSL.SocketCore\Utils\Cipher\PacketNoneCipher.cs","NSL.SocketCore.Utils.Cipher"
"E:\my\NSL\Core\NSL.SocketCore\Utils\Console\ConsoleHelper.cs","NSL.ServerOptions.Extensions.Console"
"E:\my\NSL\Core\NSL.SocketCore\Utils\Console\ConsoleManager.cs","NSL.Extensions.ConsoleEngine"
"E:\my\NSL\Core\NSL.SocketCore\Utils\Console\ConsoleMessage.cs","NSL.ServerOptions.Extensions.Console"
"E:\my\NSL\Core\NSL.SocketCore\Utils\Console\ConsoleStorage.cs","NSL.Extensions.ConsoleEngine"
"E:\my\NSL\Core\NSL.SocketCore\Utils\Exceptions\ConnectionLostException.cs","NSL.SocketCore.Utils.Exceptions"
"E:\my\NSL\Core\NSL.SocketCore\Utils\Exceptions\InvalidPacketHashException.cs","NSL.SocketCore.Utils.Exceptions"
"E:\my\NSL\Core\NSL.SocketCore\Utils\Exceptions\NSLDebugException.cs","NSL.SocketCore.Utils.Exceptions"
"E:\my\NSL\Core\NSL.SocketCore\Utils\Exceptions\NSLInvalidDataException.cs","NSL.SocketCore.Utils.Exceptions"
"E:\my\NSL\Core\NSL.SocketCore\Utils\Logger\IBasicLogger.cs","NSL.SocketCore.Utils.Logger"
"E:\my\NSL\Core\NSL.SocketCore\Utils\Logger\PrefixableLoggerProxy.cs","NSL.Logger"
"E:\my\NSL\Core\NSL.SocketCore\Utils\Logger\Enums\LoggerLevel.cs","NSL.SocketCore.Utils.Logger.Enums"
"E:\my\NSL\Core\NSL.SocketCore\Utils\Manager\ManagerHelper.cs","NSL.SocketCore.Utils.Manager"
"E:\my\NSL\Core\NSL.SocketCore\Utils\Manager\ManagerLoadAttribute.cs","NSL.SocketCore.Utils.Manager"
"E:\my\NSL\Core\NSL.SocketCore\Utils\Manager\ManagerRoleAttributes.cs","NSL.SocketCore.Utils.Manager"
"E:\my\NSL\Core\NSL.SocketCore\Utils\Packet\PacketAttribute.cs","NSL.SocketCore.Utils.Packet"
"E:\my\NSL\Core\NSL.SocketCore\Utils\Packet\PacketDelegateHelper.cs","NSL.SocketCore.Utils.Packet"
"E:\my\NSL\Core\NSL.SocketCore\Utils\Packet\PacketHelper.cs","NSL.SocketCore.Utils.Packet"
"E:\my\NSL\Core\NSL.SocketCore\Utils\Request\IRequestHub.cs","NSL.SocketCore.Utils.Buffer"
"E:\my\NSL\Core\NSL.SocketCore\Utils\Request\IResponsibleProcessor.cs","NSL.SocketCore.Utils.Buffer"
"E:\my\NSL\Core\NSL.SocketCore\Utils\Request\RequestExtensions.cs","NSL.SocketCore.Utils.Buffer"
"E:\my\NSL\Core\NSL.SocketCore\Utils\Request\RequestPacketBuffer.cs","NSL.SocketCore.Utils.Buffer"
"E:\my\NSL\Core\NSL.SocketCore\Utils\Request\RequestProcessor.cs","NSL.SocketCore.Utils.Buffer"
"E:\my\NSL\Core\NSL.SocketCore\Utils\Request\RequestProcessorHub.cs","NSL.SocketCore.Utils.Buffer"
"E:\my\NSL\Core\NSL.SocketCore\Utils\Session\NSLRecoverySessionResult.cs","NSL.SocketCore.Utils.Session"
"E:\my\NSL\Core\NSL.SocketCore\Utils\Session\NSLRecoverySessionResultEnum.cs","NSL.SocketCore.Utils.Session"
"E:\my\NSL\Core\NSL.SocketCore\Utils\Session\NSLSessionInfo.cs","NSL.SocketCore.Utils.Session"
"E:\my\NSL\Core\NSL.SocketCore\Utils\SystemPackets\AliveConnectionPacket.cs","NSL.SocketCore.Utils.SystemPackets"
"E:\my\NSL\Core\NSL.SocketCore\Utils\Version\NSLVersionInfo.cs","NSL.SocketCore.Utils.Version"
"E:\my\NSL\Core\NSL.SocketCore\Utils\Version\NSLVersionResult.cs","NSL.SocketCore.Utils.Version"
"E:\my\NSL\Core\NSL.SocketCore\Utils\WaitBuffer\PacketWaitInfo.cs","NSL.SocketCore.Utils.WaitBuffer"
"E:\my\NSL\Core\NSL.SocketCore\Utils\WaitBuffer\WaitBufferExtensions.cs","NSL.SocketCore.Utils.WaitBuffer"
"E:\my\NSL\Core\NSL.SocketCore\Utils\WaitBuffer\WaitPacketBuffer.cs","NSL.SocketCore.Utils.WaitBuffer"
"E:\my\NSL\Core\NSL.SocketServer\ServerOptions.cs","NSL.SocketServer"
"E:\my\NSL\Core\NSL.SocketServer\Utils\INetworkListener.cs","NSL.SocketServer.Utils"
"E:\my\NSL\Core\NSL.SocketServer\Utils\IOptionableEndPointServerBuilder.cs","NSL.SocketServer.Utils"
"E:\my\NSL\Core\NSL.SocketServer\Utils\IServerNetworkClient.cs","NSL.SocketServer.Utils"
"E:\my\NSL\Core\NSL.SocketServer\Utils\Buffer\IDataReceivePacket.cs","NSL.SocketServer.Utils.Buffer"
"E:\my\NSL\Core\NSL.SocketServer\Utils\Packet\PacketHelper.cs","NSL.SocketServer.Utils.Packet"
"E:\my\NSL\Core\NSL.SocketServer\Utils\Session\ClientSessionExtensions.cs","NSL.SocketServer.Utils.Session"
"E:\my\NSL\Core\NSL.SocketServer\Utils\Session\NSLServerSessionInfo.cs","NSL.SocketServer.Utils.Session"
"E:\my\NSL\Core\NSL.SocketServer\Utils\Session\NSLSessionManager.cs","NSL.SocketServer.Utils.Session"
"E:\my\NSL\Core\NSL.SocketServer\Utils\Session\NSLSessionServerOptions.cs","NSL.SocketServer.Utils.Session"
"E:\my\NSL\Core\NSL.SocketServer\Utils\Session\ServerSessionExtensions.cs","NSL.SocketServer.Utils.Session"
"E:\my\NSL\Core\NSL.SocketServer\Utils\Session\Packets\NSLRecoverySessionPacket.cs","NSL.SocketServer.Utils.Session.Packets"
"E:\my\NSL\Core\NSL.SocketServer\Utils\SystemPackets\ServerAliveConnectionPacket.cs","NSL.SocketServer.Utils.SystemPackets"
"E:\my\NSL\Core\NSL.SocketServer\Utils\SystemPackets\ServerTimePacket.cs","NSL.SocketServer.Utils.SystemPackets"
"E:\my\NSL\Core\NSL.SocketServer\Utils\Version\NSLServerVersionInfo.cs","NSL.SocketServer.Utils.Version"
"E:\my\NSL\Core\NSL.SocketServer\Utils\Version\ServerVersionExtensions.cs","NSL.SocketServer.Utils.Version"
"E:\my\NSL\Core\NSL.SocketServer\Utils\Version\Packets\NSLVersionPacket.cs","NSL.SocketServer.Utils.Version.Packets"
"E:\my\NSL\Core\Utils\NSL.Utils\AsyncDelegateUtils.cs","NSL.Utils"
"E:\my\NSL\Core\Utils\NSL.Utils\DeferredAsyncAction.cs","NSL.Utils"
"E:\my\NSL\Core\Utils\NSL.Utils\DeferredChannel.cs","NSL.Utils"
"E:\my\NSL\Core\Utils\NSL.Utils\FixedSizedQueue.cs","NSL.Utils"
"E:\my\NSL\Core\Utils\NSL.Utils\FSWatcher.cs","NSL.Utils"
"E:\my\NSL\Core\Utils\NSL.Utils\IOUtils.cs","NSL.Utils"
"E:\my\NSL\Core\Utils\NSL.Utils\NSLConsoleOutput.cs","NSL.Utils"
"E:\my\NSL\Core\Utils\NSL.Utils\NSLEndPoint.cs","NSL.Utils"
"E:\my\NSL\Core\Utils\NSL.Utils\NtpTimeProvider.cs","NSL.Utils"
"E:\my\NSL\Core\Utils\NSL.Utils\OtherExtensions.cs","NSL.Utils"
"E:\my\NSL\Core\Utils\NSL.Utils\PacketEnumExtensions.cs","NSL.Utils"
"E:\my\NSL\Core\Utils\NSL.Utils\PermissionUtils.cs","NSL.Utils"
"E:\my\NSL\Core\Utils\NSL.Utils\SyncedUtcTimer.cs","NSL.Utils"
"E:\my\NSL\Core\Utils\NSL.Utils\TaskUtils.cs","NSL.Utils"
"E:\my\NSL\Core\Utils\NSL.Utils\Token.cs","NSL.Utils"
"E:\my\NSL\Core\Utils\NSL.Utils\ValueChangeMonitor.cs","NSL.Utils"
"E:\my\NSL\Core\Utils\NSL.Utils\CommandLine\ArgumentJoinUtils.cs","NSL.Utils.CommandLine"
"E:\my\NSL\Core\Utils\NSL.Utils\CommandLine\CommandLineArgs.cs","NSL.Utils.CommandLine"
"E:\my\NSL\Core\Utils\NSL.Utils\CommandLine\CommandLineArgsReader.cs","NSL.Utils.CommandLine"
"E:\my\NSL\Core\Utils\NSL.Utils\CommandLine\CLHandles\CLHandler.cs","NSL.Utils.CommandLine.CLHandles"
"E:\my\NSL\Core\Utils\NSL.Utils\CommandLine\CLHandles\CLHandleSelectAttribute.cs","NSL.Utils.CommandLine.CLHandles"
"E:\my\NSL\Core\Utils\NSL.Utils\CommandLine\CLHandles\CommandReadStateEnum.cs","NSL.Utils.CommandLine.CLHandles"
"E:\my\NSL\Core\Utils\NSL.Utils\CommandLine\CLHandles\Arguments\CLArgument.cs","NSL.Utils.CommandLine.CLHandles.Arguments"
"E:\my\NSL\Core\Utils\NSL.Utils\CommandLine\CLHandles\Arguments\CLArgumentAttribute.cs","NSL.Utils.CommandLine.CLHandles.Arguments"
"E:\my\NSL\Core\Utils\NSL.Utils\CommandLine\CLHandles\Arguments\CLArgumentExistsAttribute.cs","NSL.Utils.CommandLine.CLHandles.Arguments"
"E:\my\NSL\Core\Utils\NSL.Utils\CommandLine\CLHandles\Arguments\CLArgumentValueAttribute.cs","NSL.Utils.CommandLine.CLHandles.Arguments"
"E:\my\NSL\Core\Utils\NSL.Utils\CommandLine\CLHandles\Arguments\CLArgumentValues.cs","NSL.Utils.CommandLine.CLHandles.Arguments"
"E:\my\NSL\Core\Utils\NSL.Utils\CommandLine\CLHandles\Arguments\CLContainsType.cs","NSL.Utils.CommandLine.CLHandles.Arguments"
"E:\my\NSL\Core\Utils\NSL.Utils.Unity\CoroutineTaskWrapper.cs","NSL.Utils.Unity"
"E:\my\NSL\Core\Utils\NSL.Utils.Unity\ThreadHelper.cs","NSL.Utils.Unity"
"E:\my\NSL\Core\Utils\Tests\NSL.CommandLineHandler.Tests\DevCommands.cs","NSL.CommandLineHandler.Tests"
"E:\my\NSL\Core\Utils\Tests\NSL.CommandLineHandler.Tests\Program.cs","NSL.CommandLineHandler.Tests"
"E:\my\NSL\Database\Filter\NSL.Database.EntityFramework.Filter.V2\FilterUtils.cs","NSL.Database.EntityFramework.Filter.V2"
"E:\my\NSL\Database\Filter\NSL.Database.EntityFramework.Filter.V2\Builders\FilteredQueryBuilder.cs","NSL.Database.EntityFramework.Filter.V2.Builders"
"E:\my\NSL\Database\Filter\NSL.Database.EntityFramework.Filter.V2\Builders\FilterNodeBuilder.cs","NSL.Database.EntityFramework.Filter.V2.Builders"
"E:\my\NSL\Database\Filter\NSL.Database.EntityFramework.Filter.V2\Enums\FilterOperator.cs","NSL.Database.EntityFramework.Filter.V2.Enums"
"E:\my\NSL\Database\Filter\NSL.Database.EntityFramework.Filter.V2\Enums\PropertyModifier.cs","NSL.Database.EntityFramework.Filter.V2.Enums"
"E:\my\NSL\Database\Filter\NSL.Database.EntityFramework.Filter.V2\Models\BaseFilteringQueryModel.cs","NSL.Database.EntityFramework.Filter.V2.Models"
"E:\my\NSL\Database\Filter\NSL.Database.EntityFramework.Filter.V2\Models\EntityFilterBlockModel.cs","NSL.Database.EntityFramework.Filter.V2.Models"
"E:\my\NSL\Database\Filter\NSL.Database.EntityFramework.Filter.V2\Models\FilteredQueryModel.cs","NSL.Database.EntityFramework.Filter.V2.Models"
"E:\my\NSL\Database\Filter\NSL.Database.EntityFramework.Filter.V2\Models\FilterNode.cs","NSL.Database.EntityFramework.Filter.V2.Models"
"E:\my\NSL\Database\Filter\NSL.Database.EntityFramework.Filter.V2\Models\FilterResultModel.cs","NSL.Database.EntityFramework.Filter.V2.Models"
"E:\my\NSL\Database\Filter\NSL.Database.EntityFramework.Filter.V2\Models\IFilterFilteringQueryModel.cs","NSL.Database.EntityFramework.Filter.V2.Models"
"E:\my\NSL\Database\Filter\NSL.Database.EntityFramework.Filter.V2\Models\IIncludeFilteringQueryModel.cs","NSL.Database.EntityFramework.Filter.V2.Models"
"E:\my\NSL\Database\Filter\NSL.Database.EntityFramework.Filter.V2\Models\IPaginationFilteringQueryModel.cs","NSL.Database.EntityFramework.Filter.V2.Models"
"E:\my\NSL\Database\Filter\NSL.Database.EntityFramework.Filter.V2\Models\ISelectFilteringQueryModel.cs","NSL.Database.EntityFramework.Filter.V2.Models"
"E:\my\NSL\Database\Filter\NSL.Database.EntityFramework.Filter.V2\Models\ISortedFilteringQueryModel.cs","NSL.Database.EntityFramework.Filter.V2.Models"
"E:\my\NSL\Database\Filter\NSL.Database.EntityFramework.Filter.V2\Models\SortModel.cs","NSL.Database.EntityFramework.Filter.V2.Models"
"E:\my\NSL\Database\Filter\NSL.Database.EntityFramework.Filter.V2.Host\DbFilterFunctions.cs","NSL.Database.EntityFramework.Filter.V2.Host"
"E:\my\NSL\Database\Filter\NSL.Database.EntityFramework.Filter.V2.Host\DynamicSelector.cs","NSL.Database.EntityFramework.Filter.V2.Host"
"E:\my\NSL\Database\Filter\NSL.Database.EntityFramework.Filter.V2.Host\EntityFilterBuilder.cs","NSL.Database.EntityFramework.Filter.V2.Host"
"E:\my\NSL\Database\Filter\NSL.Database.EntityFramework.Filter.V2.Host\EntityFilterQueryExtensions.cs","NSL.Database.EntityFramework.Filter.V2.Host"
"E:\my\NSL\Database\Filter\NSL.Database.EntityFramework.Filter.V2.Host\ModelExtensions.cs","NSL.Database.EntityFramework.Filter.V2.Host"
"E:\my\NSL\Database\Filter\Tests\NSL.Database.EntityFramework.Filter.V2.Benchmarks\OperatorBenchmark.cs","NSL.Database.EntityFramework.Filter.V2.Benchmarks"
"E:\my\NSL\Database\Filter\Tests\NSL.Database.EntityFramework.Filter.V2.Develop\Program.cs","NSL.Database.EntityFramework.Filter.V2.Develop"
"E:\my\NSL\Database\Filter\Tests\NSL.Database.EntityFramework.Filter.V2.Develop\Data\RelTestEntityModel.cs","NSL.Database.EntityFramework.Filter.V2.Develop.Data"
"E:\my\NSL\Database\Filter\Tests\NSL.Database.EntityFramework.Filter.V2.Develop\Data\TestDbContext.cs","NSL.Database.EntityFramework.Filter.V2.Develop.Data"
"E:\my\NSL\Database\Filter\Tests\NSL.Database.EntityFramework.Filter.V2.Develop\Data\TestEntityModel.cs","NSL.Database.EntityFramework.Filter.V2.Develop.Data"
"E:\my\NSL\Database\Filter\Tests\NSL.Database.EntityFramework.Filter.V2.Develop\Data\TestEnum.cs","NSL.Database.EntityFramework.Filter.V2.Develop.Data"
"E:\my\NSL\Database\Filter\Tests\NSL.Database.EntityFramework.Filter.V2.Tests\BooleanTests.cs","NSL.Database.EntityFramework.Filter.V2.Tests"
"E:\my\NSL\Database\Filter\Tests\NSL.Database.EntityFramework.Filter.V2.Tests\CollectionTests.cs","NSL.Database.EntityFramework.Filter.V2.Tests"
"E:\my\NSL\Database\Filter\Tests\NSL.Database.EntityFramework.Filter.V2.Tests\DateTimeTests.cs","NSL.Database.EntityFramework.Filter.V2.Tests"
"E:\my\NSL\Database\Filter\Tests\NSL.Database.EntityFramework.Filter.V2.Tests\EnumTests.cs","NSL.Database.EntityFramework.Filter.V2.Tests"
"E:\my\NSL\Database\Filter\Tests\NSL.Database.EntityFramework.Filter.V2.Tests\FloatNumberTests.cs","NSL.Database.EntityFramework.Filter.V2.Tests"
"E:\my\NSL\Database\Filter\Tests\NSL.Database.EntityFramework.Filter.V2.Tests\InvertTests.cs","NSL.Database.EntityFramework.Filter.V2.Tests"
"E:\my\NSL\Database\Filter\Tests\NSL.Database.EntityFramework.Filter.V2.Tests\NumberTests.cs","NSL.Database.EntityFramework.Filter.V2.Tests"
"E:\my\NSL\Database\Filter\Tests\NSL.Database.EntityFramework.Filter.V2.Tests\SelectorTests.cs","NSL.Database.EntityFramework.Filter.V2.Tests"
"E:\my\NSL\Database\Filter\Tests\NSL.Database.EntityFramework.Filter.V2.Tests\StringTests.cs","NSL.Database.EntityFramework.Filter.V2.Tests"
"E:\my\NSL\Database\Filter\Tests\NSL.Database.EntityFramework.Filter.V2.Tests\Data\RelTestEntityModel.cs","NSL.Database.EntityFramework.Filter.V2.Tests.Data"
"E:\my\NSL\Database\Filter\Tests\NSL.Database.EntityFramework.Filter.V2.Tests\Data\TestDbContext.cs","NSL.Database.EntityFramework.Filter.V2.Tests.Data"
"E:\my\NSL\Database\Filter\Tests\NSL.Database.EntityFramework.Filter.V2.Tests\Data\TestEntityModel.cs","NSL.Database.EntityFramework.Filter.V2.Tests.Data"
"E:\my\NSL\Database\Filter\Tests\NSL.Database.EntityFramework.Filter.V2.Tests\Data\TestEnum.cs","NSL.Database.EntityFramework.Filter.V2.Tests.Data"
"E:\my\NSL\Database\Logger\NSL.Database.EntityFramework.Logger\DbLogUtils.cs","NSL.Database.EntityFramework.Logger"
"E:\my\NSL\Database\Logger\NSL.Database.EntityFramework.Logger\EntityLogChangesOptions.cs","NSL.Database.EntityFramework.Logger"
"E:\my\NSL\Database\Logger\NSL.Database.EntityFramework.Logger.Shared\ChangeLogModel.cs","NSL.Database.EntityFramework.Logger.Shared"
"E:\my\NSL\Database\Logger\NSL.Database.EntityFramework.Logger.Shared\ChangePropertyModel.cs","NSL.Database.EntityFramework.Logger.Shared"
"E:\my\NSL\Database\Logger\NSL.Database.EntityFramework.Logger.Shared\EntityActionTypeEnum.cs","NSL.Database.EntityFramework.Logger.Shared"
"E:\my\NSL\Database\Logger\NSL.Database.EntityFramework.Logger.Shared\IChangeLogModel.cs","NSL.Database.EntityFramework.Logger.Shared"
"E:\my\NSL\Database\NSL.Database.EntityFramework\CloneExtensions.cs","NSL.Database.EntityFramework"
"E:\my\NSL\Database\NSL.Database.EntityFramework\EntityExtensions.cs","NSL.Database.EntityFramework"
"E:\my\NSL\Database\NSL.Database.EntityFramework\TransactionExtensions.cs","NSL.Database.EntityFramework"
"E:\my\NSL\Database\NSL.Database.EntityFramework\UpdateExtensions.cs","NSL.Database.EntityFramework"
"E:\my\NSL\Database\NSL.Database.EntityFramework\Attributes\EntityExcludeModelAttribute.cs","NSL.Database.EntityFramework.Attributes"
"E:\my\NSL\Database\NSL.Database.EntityFramework\Attributes\EntityIncludeAttribute.cs","NSL.Database.EntityFramework.Attributes"
"E:\my\NSL\DevSpace\BufferAnlyzeTests\BufferAnlyzeTests\Program.cs","BufferAnlyzeTests"
"E:\my\NSL\DevSpace\BufferAnlyzeTests\BufferAnlyzeTests\Tests.cs","BufferAnlyzeTests"
"E:\my\NSL\DevSpace\BufferAnlyzeTests\BufferAnlyzeTests\Buffers\MemoryInputPacketBuffer.cs","BufferAnlyzeTests.Buffers"
"E:\my\NSL\DevSpace\BufferAnlyzeTests\BufferAnlyzeTests\Buffers\MemoryOutputPacketBuffer.cs","BufferAnlyzeTests.Buffers"
"E:\my\NSL\DevSpace\BufferAnlyzeTests\BufferAnlyzeTests\Buffers\NodeInputPacketBuffer.cs","BufferAnlyzeTests.Buffers"
"E:\my\NSL\DevSpace\BufferAnlyzeTests\BufferAnlyzeTests\Buffers\NodeOutputPacketBuffer.cs","BufferAnlyzeTests.Buffers"
"E:\my\NSL\DevSpace\BufferAnlyzeTests\BufferAnlyzeTests\Buffers\TempOutputPacketBuffer.cs","BufferAnlyzeTests.Buffers"
"E:\my\NSL\DevSpace\BufferAnlyzeTests\BufferAnlyzeTests\Buffers\Interface\IReadBuffer.cs","BufferAnlyzeTests.Buffers"
"E:\my\NSL\DevSpace\BufferAnlyzeTests\BufferAnlyzeTests\Buffers\Interface\IWriteBuffer.cs","BufferAnlyzeTests.Buffers"
"E:\my\NSL\DevSpace\NSL.DevSpace.SelectGenerator\DevProject1\Model1.Client.cs","DevProject1"
"E:\my\NSL\DevSpace\NSL.DevSpace.SelectGenerator\DevProject1\Model1.cs","DevProject1"
"E:\my\NSL\DevSpace\NSL.DevSpace.SelectGenerator\DevProject1\Model1.Server.cs","DevProject1"
"E:\my\NSL\DevSpace\NSL.DevSpace.SelectGenerator\DevProject1\Program.cs","DevProject1"
"E:\my\NSL\DevSpace\Tools\SelectGraphTool.VSIX\GraphViewModel.cs","SelectGraphTool"
"E:\my\NSL\DevSpace\Tools\SelectGraphTool.VSIX\ModelEdge.cs","SelectGraphTool"
"E:\my\NSL\DevSpace\Tools\SelectGraphTool.VSIX\ModelGraphControl.xaml.cs","SelectGraphTool"
"E:\my\NSL\DevSpace\Tools\SelectGraphTool.VSIX\ModelGraphTool.cs","SelectGraphTool"
"E:\my\NSL\DevSpace\Tools\SelectGraphTool.VSIX\ModelNode.cs","SelectGraphTool"
"E:\my\NSL\DevSpace\Tools\SelectGraphTool.VSIX\SelectGraphToolPackage.cs","SelectGraphTool"
"E:\my\NSL\DevSpace\Tools\SelectGraphTool.VSIX\source.extension.cs","SelectGraphTool"
"E:\my\NSL\Extensions\DBEngine\NSL.Extensions.DBEngine\ConnectionOptions.cs","NSL.Extensions.DBEngine"
"E:\my\NSL\Extensions\DBEngine\NSL.Extensions.DBEngine\DBCommand.cs","NSL.Extensions.DBEngine"
"E:\my\NSL\Extensions\DBEngine\NSL.Extensions.DBEngine\DbCommandQueue.cs","NSL.Extensions.DBEngine"
"E:\my\NSL\Extensions\DBEngine\NSL.Extensions.DBEngine\DbConnectionPool.cs","NSL.Extensions.DBEngine"
"E:\my\NSL\Extensions\DBEngine\NSL.Extensions.DBEngine\DbOptions.cs","NSL.Extensions.DBEngine"
"E:\my\NSL\Extensions\DBEngine\NSL.Extensions.DBEngine.Backup\DBAutoBackupOptions.cs","NSL.Extensions.DBEngine.Backup"
"E:\my\NSL\Extensions\DBEngine\NSL.Extensions.DBEngine.Backup\DBBackupExtension.cs","NSL.Extensions.DBEngine.Backup"
"E:\my\NSL\Extensions\DBEngine\NSL.Extensions.DBEngine.Backup\DBBackupOptions.cs","NSL.Extensions.DBEngine.Backup"
"E:\my\NSL\Extensions\DBEngine\NSL.Extensions.DBEngine.CmdQueue\UserDBCmdQueue.cs","NSL.Extensions.DBEngine.CmdQueue"
"E:\my\NSL\Extensions\DBEngine\NSL.Extensions.DBEngine.ConfigurationEngine\DbConfigurationExtension.cs","NSL.Extensions.DBEngine.ConfigurationEngine"
"E:\my\NSL\Extensions\DBEngine\NSL.Extensions.DBEngine.Reader\DbReaderExtension.cs","NSL.Extensions.DBEngine.Reader"
"E:\my\NSL\Extensions\DBEngine\NSL.Extensions.DBEngine.StaticQuery\IStaticQuery.cs","NSL.Extensions.DBEngine.StaticQuery"
"E:\my\NSL\Extensions\DBEngine\NSL.Extensions.DBEngine.StaticQuery\QueryHelper.cs","NSL.Extensions.DBEngine.StaticQuery"
"E:\my\NSL\Extensions\DBEngine\NSL.Extensions.DBEngine.StaticQuery\StaticQueryLoadAttribute.cs","NSL.Extensions.DBEngine.StaticQuery"
"E:\my\NSL\Extensions\DBEngine\NSL.Extensions.DBEngine.StaticQuery\Templates\AuthServerStaticQueryLoadAttribute.cs","NSL.Extensions.DBEngine.StaticQuery.Templates"
"E:\my\NSL\Extensions\DBEngine\NSL.Extensions.DBEngine.StaticQuery\Templates\ClientServerStaticQueryLoadAttribute.cs","NSL.Extensions.DBEngine.StaticQuery.Templates"
"E:\my\NSL\Extensions\DBEngine\NSL.Extensions.DBEngine.StaticQuery\Templates\GameServerStaticQueryLoadAttribute.cs","NSL.Extensions.DBEngine.StaticQuery.Templates"
"E:\my\NSL\Extensions\DBEngine\NSL.Extensions.DBEngine.StaticQuery\Templates\LobbyServerStaticQueryLoadAttribute.cs","NSL.Extensions.DBEngine.StaticQuery.Templates"
"E:\my\NSL\Extensions\DBEngine\NSL.Extensions.DBEngine.StaticQuery\Templates\LoginServerStaticQueryLoadAttribute.cs","NSL.Extensions.DBEngine.StaticQuery.Templates"
"E:\my\NSL\Extensions\DBEngine\NSL.Extensions.DBEngine.StaticQuery\Templates\RoomServerStaticQueryLoadAttribute.cs","NSL.Extensions.DBEngine.StaticQuery.Templates"
"E:\my\NSL\Extensions\NetworkEngine\NSL.Extensions.NAT\UPNPProvider.cs","NSL.Extensions.NAT"
"E:\my\NSL\Extensions\NetworkEngine\NSL.Extensions.NAT\Proxy\NetworkProxy.cs","NSL.Extensions.NAT.Proxy"
"E:\my\NSL\Extensions\NetworkEngine\NSL.Extensions.NAT\Proxy\NetworkProxyClient.cs","NSL.Extensions.NAT.Proxy"
"E:\my\NSL\Extensions\NetworkEngine\NSL.Extensions.NAT\Proxy\Data\Enums\ProxySignInResultEnum.cs","NSL.Extensions.NAT.Proxy.Data.Enums"
"E:\my\NSL\Extensions\NetworkEngine\NSL.Extensions.NAT\Proxy\Data\Packets\SignInPacket.cs","NSL.Extensions.NAT.Proxy.Data.Packets"
"E:\my\NSL\Extensions\NetworkEngine\NSL.Extensions.NAT\Proxy\Data\Packets\TransportDataPacket.cs","NSL.Extensions.NAT.Proxy.Data.Packets"
"E:\my\NSL\Extensions\NetworkEngine\NSL.Extensions.NAT\Proxy\Data\Packets\Enums\ClientPacketsEnum.cs","NSL.Extensions.NAT.Proxy.Data.Packets.Enums"
"E:\my\NSL\Extensions\NetworkEngine\NSL.Extensions.NAT\Proxy\Data\Packets\Enums\ServerPacketsEnum.cs","NSL.Extensions.NAT.Proxy.Data.Packets.Enums"
"E:\my\NSL\Extensions\NetworkEngine\NSL.Extensions.NAT\Proxy\Data\Packets\PacketData\ProxySignInPacketData.cs","NSL.Extensions.NAT.Proxy.Data.Packets.PacketData"
"E:\my\NSL\Extensions\NetworkEngine\NSL.Extensions.NAT\Proxy\Data\Packets\PacketData\ProxySignInPacketResultData.cs","NSL.Extensions.NAT.Proxy.Data.Packets.PacketData"
"E:\my\NSL\Extensions\NetworkEngine\NSL.Extensions.NAT\uPnP\AbstractNatDevice.cs","NSL.Extensions.NAT.uPnP"
"E:\my\NSL\Extensions\NetworkEngine\NSL.Extensions.NAT\uPnP\INatDevice.cs","NSL.Extensions.NAT.uPnP"
"E:\my\NSL\Extensions\NetworkEngine\NSL.Extensions.NAT\uPnP\ISearcher.cs","NSL.Extensions.NAT.uPnP"
"E:\my\NSL\Extensions\NetworkEngine\NSL.Extensions.NAT\uPnP\Mapping.cs","NSL.Extensions.NAT.uPnP"
"E:\my\NSL\Extensions\NetworkEngine\NSL.Extensions.NAT\uPnP\NatUtility.cs","NSL.Extensions.NAT.uPnP"
"E:\my\NSL\Extensions\NetworkEngine\NSL.Extensions.NAT\uPnP\PmpSearcher.cs","NSL.Extensions.NAT.uPnP"
"E:\my\NSL\Extensions\NetworkEngine\NSL.Extensions.NAT\uPnP\UpnpSearcher.cs","NSL.Extensions.NAT.uPnP"
"E:\my\NSL\Extensions\NetworkEngine\NSL.Extensions.NAT\uPnP\AsyncResults\AsyncResult.cs","NSL.Extensions.NAT.uPnP.AsyncResults"
"E:\my\NSL\Extensions\NetworkEngine\NSL.Extensions.NAT\uPnP\Enums\MapState.cs","NSL.Extensions.NAT.uPnP.Enums"
"E:\my\NSL\Extensions\NetworkEngine\NSL.Extensions.NAT\uPnP\Enums\ProtocolType.cs","NSL.Extensions.NAT.uPnP.Enums"
"E:\my\NSL\Extensions\NetworkEngine\NSL.Extensions.NAT\uPnP\EventArgs\DeviceEventArgs.cs","NSL.Extensions.NAT.uPnP.EventArgs"
"E:\my\NSL\Extensions\NetworkEngine\NSL.Extensions.NAT\uPnP\Exceptions\MappingException.cs","NSL.Extensions.NAT.uPnP.Exceptions"
"E:\my\NSL\Extensions\NetworkEngine\NSL.Extensions.NAT\uPnP\Pmp\PmpConstants.cs","NSL.Extensions.NAT.uPnP.Pmp"
"E:\my\NSL\Extensions\NetworkEngine\NSL.Extensions.NAT\uPnP\Pmp\PmpNatDevice.cs","NSL.Extensions.NAT.uPnP.Pmp"
"E:\my\NSL\Extensions\NetworkEngine\NSL.Extensions.NAT\uPnP\Pmp\AsyncResults\PortMapAsyncResult.cs","NSL.Extensions.NAT.uPnP.Pmp.AsyncResults"
"E:\my\NSL\Extensions\NetworkEngine\NSL.Extensions.NAT\uPnP\Upnp\UpnpNatDevice.cs","NSL.Extensions.NAT.uPnP.Upnp"
"E:\my\NSL\Extensions\NetworkEngine\NSL.Extensions.NAT\uPnP\Upnp\AsyncResults\GetAllMappingsAsyncResult.cs","NSL.Extensions.NAT.uPnP.Upnp.AsyncResults"
"E:\my\NSL\Extensions\NetworkEngine\NSL.Extensions.NAT\uPnP\Upnp\AsyncResults\PortMapAsyncResult.cs","NSL.Extensions.NAT.uPnP.Upnp.AsyncResults"
"E:\my\NSL\Extensions\NetworkEngine\NSL.Extensions.NAT\uPnP\Upnp\Messages\DiscoverDeviceMessage.cs","NSL.Extensions.NAT.uPnP.Upnp.Messages"
"E:\my\NSL\Extensions\NetworkEngine\NSL.Extensions.NAT\uPnP\Upnp\Messages\ErrorMessage.cs","NSL.Extensions.NAT.uPnP.Upnp.Messages"
"E:\my\NSL\Extensions\NetworkEngine\NSL.Extensions.NAT\uPnP\Upnp\Messages\GetServicesMessage.cs","NSL.Extensions.NAT.uPnP.Upnp.Messages"
"E:\my\NSL\Extensions\NetworkEngine\NSL.Extensions.NAT\uPnP\Upnp\Messages\UpnpMessage.cs","NSL.Extensions.NAT.uPnP.Upnp.Messages"
"E:\my\NSL\Extensions\NetworkEngine\NSL.Extensions.NAT\uPnP\Upnp\Messages\Requests\CreatePortMappingMessage.cs","NSL.Extensions.NAT.uPnP.Upnp.Messages.Requests"
"E:\my\NSL\Extensions\NetworkEngine\NSL.Extensions.NAT\uPnP\Upnp\Messages\Requests\DeletePortMappingMessage.cs","NSL.Extensions.NAT.uPnP.Upnp.Messages.Requests"
"E:\my\NSL\Extensions\NetworkEngine\NSL.Extensions.NAT\uPnP\Upnp\Messages\Requests\GetExternalIPAddressMessage.cs","NSL.Extensions.NAT.uPnP.Upnp.Messages.Requests"
"E:\my\NSL\Extensions\NetworkEngine\NSL.Extensions.NAT\uPnP\Upnp\Messages\Requests\GetGenericPortMappingEntry.cs","NSL.Extensions.NAT.uPnP.Upnp.Messages.Requests"
"E:\my\NSL\Extensions\NetworkEngine\NSL.Extensions.NAT\uPnP\Upnp\Messages\Requests\GetSpecificPortMappingEntryMessage.cs","NSL.Extensions.NAT.uPnP.Upnp.Messages.Requests"
"E:\my\NSL\Extensions\NetworkEngine\NSL.Extensions.NAT\uPnP\Upnp\Messages\Responses\CreatePortMappingResponseMessage.cs","NSL.Extensions.NAT.uPnP.Upnp.Messages.Responses"
"E:\my\NSL\Extensions\NetworkEngine\NSL.Extensions.NAT\uPnP\Upnp\Messages\Responses\DeletePortMappingResponseMessage.cs","NSL.Extensions.NAT.uPnP.Upnp.Messages.Responses"
"E:\my\NSL\Extensions\NetworkEngine\NSL.Extensions.NAT\uPnP\Upnp\Messages\Responses\GetExternalIPAddressResponseMessage.cs","NSL.Extensions.NAT.uPnP.Upnp.Messages.Responses"
"E:\my\NSL\Extensions\NetworkEngine\NSL.Extensions.NAT\uPnP\Upnp\Messages\Responses\GetGenericPortMappingEntryResponseMessage.cs","NSL.Extensions.NAT.uPnP.Upnp.Messages.Responses"
"E:\my\NSL\Extensions\Node\Bridge\NSL.Node.BridgeLobbyClient\BridgeLobbyBaseNetwork.cs","NSL.Node.BridgeLobbyClient"
"E:\my\NSL\Extensions\Node\Bridge\NSL.Node.BridgeLobbyClient\BridgeLobbyLocalBridgeNetwork.cs","NSL.Node.BridgeLobbyClient"
"E:\my\NSL\Extensions\Node\Bridge\NSL.Node.BridgeLobbyClient\BridgeLobbyNetwork.cs","NSL.Node.BridgeLobbyClient"
"E:\my\NSL\Extensions\Node\Bridge\NSL.Node.BridgeLobbyClient\BridgeLobbyNetworkClient.cs","NSL.Node.BridgeLobbyClient"
"E:\my\NSL\Extensions\Node\Bridge\NSL.Node.BridgeLobbyClient\Models\BridgeLobbyNetworkHandlesConfigurationModel.cs","NSL.Node.BridgeLobbyClient.Models"
"E:\my\NSL\Extensions\Node\Bridge\NSL.Node.BridgeLobbyClient\Packets\FinishRoomMessagePacket.cs","NSL.Node.BridgeLobbyClient.Packets"
"E:\my\NSL\Extensions\Node\Bridge\NSL.Node.BridgeLobbyClient\Packets\RoomMessagePacket.cs","NSL.Node.BridgeLobbyClient.Packets"
"E:\my\NSL\Extensions\Node\Bridge\NSL.Node.BridgeServer\NodeBridgeServerEntry.cs","NSL.Node.BridgeServer"
"E:\my\NSL\Extensions\Node\Bridge\NSL.Node.BridgeServer\NodeBridgeServerEntryBuilder.cs","NSL.Node.BridgeServer"
"E:\my\NSL\Extensions\Node\Bridge\NSL.Node.BridgeServer\LS\BuilderExtensions.cs","NSL.Node.BridgeServer.LS"
"E:\my\NSL\Extensions\Node\Bridge\NSL.Node.BridgeServer\LS\LobbyServerBaseEntry.cs","NSL.Node.BridgeServer.LS"
"E:\my\NSL\Extensions\Node\Bridge\NSL.Node.BridgeServer\LS\LobbyServerBaseEntry.Packets.cs","NSL.Node.BridgeServer.LS"
"E:\my\NSL\Extensions\Node\Bridge\NSL.Node.BridgeServer\LS\LobbyServerEntry.cs","NSL.Node.BridgeServer.LS"
"E:\my\NSL\Extensions\Node\Bridge\NSL.Node.BridgeServer\LS\LobbyServerLocalBridgeEntry.cs","NSL.Node.BridgeServer.LS"
"E:\my\NSL\Extensions\Node\Bridge\NSL.Node.BridgeServer\LS\LobbyServerNetworkClient.cs","NSL.Node.BridgeServer.LS"
"E:\my\NSL\Extensions\Node\Bridge\NSL.Node.BridgeServer\Managers\LobbyManager.cs","NSL.Node.BridgeServer.Managers"
"E:\my\NSL\Extensions\Node\Bridge\NSL.Node.BridgeServer\Managers\RoomManager.cs","NSL.Node.BridgeServer.Managers"
"E:\my\NSL\Extensions\Node\Bridge\NSL.Node.BridgeServer\RS\BuilderExtensions.cs","NSL.Node.BridgeServer.RS"
"E:\my\NSL\Extensions\Node\Bridge\NSL.Node.BridgeServer\RS\RoomServerBaseEntry.cs","NSL.Node.BridgeServer.RS"
"E:\my\NSL\Extensions\Node\Bridge\NSL.Node.BridgeServer\RS\RoomServerBaseEntry.Packets.cs","NSL.Node.BridgeServer.RS"
"E:\my\NSL\Extensions\Node\Bridge\NSL.Node.BridgeServer\RS\RoomServerEntry.cs","NSL.Node.BridgeServer.RS"
"E:\my\NSL\Extensions\Node\Bridge\NSL.Node.BridgeServer\RS\RoomServerLocalBridgeEntry.cs","NSL.Node.BridgeServer.RS"
"E:\my\NSL\Extensions\Node\Bridge\NSL.Node.BridgeServer\RS\RoomServerNetworkClient.cs","NSL.Node.BridgeServer.RS"
"E:\my\NSL\Extensions\Node\Bridge\NSL.Node.BridgeServer\RS\RoomSession.cs","NSL.Node.BridgeServer.RS"
"E:\my\NSL\Extensions\Node\Bridge\NSL.Node.BridgeServer.Shared\NodeRoomStartupInfo.cs","NSL.Node.BridgeServer.Shared"
"E:\my\NSL\Extensions\Node\Bridge\NSL.Node.BridgeServer.Shared\RoomServerPointInfo.cs","NSL.Node.BridgeServer.Shared"
"E:\my\NSL\Extensions\Node\Bridge\NSL.Node.BridgeServer.Shared\Enums\NodeBridgeLobbyPacketEnum.cs","NSL.Node.BridgeServer.Shared.Enums"
"E:\my\NSL\Extensions\Node\Bridge\NSL.Node.BridgeServer.Shared\Enums\NodeBridgeRoomPacketEnum.cs","NSL.Node.BridgeServer.Shared.Enums"
"E:\my\NSL\Extensions\Node\Bridge\NSL.Node.BridgeServer.Shared\Enums\RoomStateEnum.cs","NSL.Node.BridgeServer.Shared.Enums"
"E:\my\NSL\Extensions\Node\Bridge\NSL.Node.BridgeServer.Shared\Message\RoomFinishMessageModel.cs","NSL.Node.BridgeServer.Shared.Message"
"E:\my\NSL\Extensions\Node\Bridge\NSL.Node.BridgeServer.Shared\Message\RoomMessageModel.cs","NSL.Node.BridgeServer.Shared.Message"
"E:\my\NSL\Extensions\Node\Bridge\NSL.Node.BridgeServer.Shared\Requests\LobbyCreateRoomSessionRequestModel.cs","NSL.Node.BridgeServer.Shared.Requests"
"E:\my\NSL\Extensions\Node\Bridge\NSL.Node.BridgeServer.Shared\Requests\LobbyRoomPlayerAddRequestModel.cs","NSL.Node.BridgeServer.Shared.Requests"
"E:\my\NSL\Extensions\Node\Bridge\NSL.Node.BridgeServer.Shared\Requests\LobbyRoomPlayerRemoveRequestModel.cs","NSL.Node.BridgeServer.Shared.Requests"
"E:\my\NSL\Extensions\Node\Bridge\NSL.Node.BridgeServer.Shared\Requests\LobbySignInRequestModel.cs","NSL.Node.BridgeServer.Shared.Requests"
"E:\my\NSL\Extensions\Node\Bridge\NSL.Node.BridgeServer.Shared\Requests\RoomSignInRequestModel.cs","NSL.Node.BridgeServer.Shared.Requests"
"E:\my\NSL\Extensions\Node\Bridge\NSL.Node.BridgeServer.Shared\Requests\RoomSignSessionPlayerRequestModel.cs","NSL.Node.BridgeServer.Shared.Requests"
"E:\my\NSL\Extensions\Node\Bridge\NSL.Node.BridgeServer.Shared\Requests\RoomSignSessionRequestModel.cs","NSL.Node.BridgeServer.Shared.Requests"
"E:\my\NSL\Extensions\Node\Bridge\NSL.Node.BridgeServer.Shared\Response\CreateRoomSessionResponseModel.cs","NSL.Node.BridgeServer.Shared.Response"
"E:\my\NSL\Extensions\Node\Bridge\NSL.Node.BridgeServer.Shared\Response\RoomSignInResponseModel.cs","NSL.Node.BridgeServer.Shared.Response"
"E:\my\NSL\Extensions\Node\Bridge\NSL.Node.BridgeServer.Shared\Response\RoomSignSessionPlayerResponseModel.cs","NSL.Node.BridgeServer.Shared.Response"
"E:\my\NSL\Extensions\Node\Bridge\NSL.Node.BridgeServer.Shared\Response\RoomSignSessionResponseModel.cs","NSL.Node.BridgeServer.Shared.Response"
"E:\my\NSL\Extensions\Node\Examples\NSL.Node.BridgeServerExample\Program.cs","NSL.Node.BridgeServerExample"
"E:\my\NSL\Extensions\Node\Examples\NSL.Node.LocalRoomServerExample\LocalAspRoomServerStartupEntry.cs","NSL.Node.LocalRoomServerExample"
"E:\my\NSL\Extensions\Node\Examples\NSL.Node.LocalRoomServerExample\Program.cs","NSL.Node.LocalRoomServerExample"
"E:\my\NSL\Extensions\Node\Examples\NSL.Node.P2ProxyExample\Program.cs","NSL.Node.P2ProxyExample"
"E:\my\NSL\Extensions\Node\Examples\NSL.Node.RoomServerExample\Program.cs","NSL.Node.RoomServerExample"
"E:\my\NSL\Extensions\Node\NSL.Node.Core\AlreadyOnServerException.cs","NSL.Node.Core"
"E:\my\NSL\Extensions\Node\NSL.Node.Core\INodeClientNetwork.cs","NSL.Node.Core"
"E:\my\NSL\Extensions\Node\NSL.Node.Core\INodeNetworkClient.cs","NSL.Node.Core"
"E:\my\NSL\Extensions\Node\NSL.Node.Core\INodeOwneredObject.cs","NSL.Node.Core"
"E:\my\NSL\Extensions\Node\NSL.Node.Core\IRoomInfo.cs","NSL.Node.Core"
"E:\my\NSL\Extensions\Node\NSL.Node.Core\IRoomSession.cs","NSL.Node.Core"
"E:\my\NSL\Extensions\Node\NSL.Node.Core\IServerRoomInfo.cs","NSL.Node.Core"
"E:\my\NSL\Extensions\Node\NSL.Node.Core\NodeInfo.cs","NSL.Node.Core"
"E:\my\NSL\Extensions\Node\NSL.Node.Core\Enums\RoomPacketEnum.cs","NSL.Node.Core.Enums"
"E:\my\NSL\Extensions\Node\NSL.Node.Core\Models\Message\ConnectNodeMessageModel.cs","NSL.Node.Core.Models.Message"
"E:\my\NSL\Extensions\Node\NSL.Node.Core\Models\Requests\RoomNodeReadyRequestModel.cs","NSL.Node.Core.Models.Requests"
"E:\my\NSL\Extensions\Node\NSL.Node.Core\Models\Requests\RoomNodeSignInRequestModel.cs","NSL.Node.Core.Models.Requests"
"E:\my\NSL\Extensions\Node\NSL.Node.Core\Models\Response\RoomNodeSignInResponseModel.cs","NSL.Node.Core.Models.Response"
"E:\my\NSL\Extensions\Node\NSL.Node.P2Proxy\NodeP2PProxyEntry.cs","NSL.Node.P2Proxy"
"E:\my\NSL\Extensions\Node\NSL.Node.P2Proxy\Proxy\P2ProxyEntry.cs","NSL.Node.P2Proxy.Client"
"E:\my\NSL\Extensions\Node\NSL.Node.P2Proxy\Proxy\Data\P2PNetworkClient.cs","NSL.Node.P2Proxy.Proxy.Data"
"E:\my\NSL\Extensions\Node\NSL.Node.P2Proxy\Proxy\Data\ProxyRoomInfo.cs","NSL.Node.P2Proxy.Proxy.Data"
"E:\my\NSL\Extensions\Node\NSL.Node.P2Proxy\Proxy\Data\Packets\BroadcastPacket.cs","NSL.Node.P2Proxy.Client"
"E:\my\NSL\Extensions\Node\NSL.Node.P2Proxy\Proxy\Data\Packets\SignInPacket.cs","NSL.Node.P2Proxy.Client"
"E:\my\NSL\Extensions\Node\NSL.Node.P2Proxy\Proxy\Data\Packets\TransportPacket.cs","NSL.Node.P2Proxy.Client"
"E:\my\NSL\Extensions\Node\Room\NSL.Node.RoomServer\NodeRoomServerEntry.cs","NSL.Node.RoomServer"
"E:\my\NSL\Extensions\Node\Room\NSL.Node.RoomServer\NodeRoomServerEntryBuilder.cs","NSL.Node.RoomServer"
"E:\my\NSL\Extensions\Node\Room\NSL.Node.RoomServer\Bridge\BridgeRoomBaseNetwork.cs","NSL.Node.RoomServer.Bridge"
"E:\my\NSL\Extensions\Node\Room\NSL.Node.RoomServer\Bridge\BridgeRoomLocalBridgeNetwork.cs","NSL.Node.RoomServer.Bridge"
"E:\my\NSL\Extensions\Node\Room\NSL.Node.RoomServer\Bridge\BridgeRoomNetwork.cs","NSL.Node.RoomServer.Bridge"
"E:\my\NSL\Extensions\Node\Room\NSL.Node.RoomServer\Bridge\BridgeRoomNetworkClient.cs","NSL.Node.RoomServer.Bridge"
"E:\my\NSL\Extensions\Node\Room\NSL.Node.RoomServer\Bridge\BuilderExtensions.cs","NSL.Node.RoomServer.Bridge"
"E:\my\NSL\Extensions\Node\Room\NSL.Node.RoomServer\Client\BuilderExtensions.cs","NSL.Node.RoomServer.Client"
"E:\my\NSL\Extensions\Node\Room\NSL.Node.RoomServer\Client\ClientServerBaseEntry.cs","NSL.Node.RoomServer.Client"
"E:\my\NSL\Extensions\Node\Room\NSL.Node.RoomServer\Client\ClientServerBaseEntry.Packets.cs","NSL.Node.RoomServer.Client"
"E:\my\NSL\Extensions\Node\Room\NSL.Node.RoomServer\Client\ClientServerLocalBridgeEntry.cs","NSL.Node.RoomServer.Client"
"E:\my\NSL\Extensions\Node\Room\NSL.Node.RoomServer\Client\ClientWSServerEntry.cs","NSL.Node.RoomServer.Client"
"E:\my\NSL\Extensions\Node\Room\NSL.Node.RoomServer\Client\Data\RoomInfo.cs","NSL.Node.RoomServer.Client.Data"
"E:\my\NSL\Extensions\Node\Room\NSL.Node.RoomServer\Client\Data\TransportNetworkClient.cs","NSL.Node.RoomServer.Client.Data"
"E:\my\NSL\Extensions\Node\Room\NSL.Node.RoomServer\Data\RoomServerHandleProcessor.cs","NSL.Node.RoomServer.Data"
"E:\my\NSL\Extensions\Node\Room\NSL.Node.RoomServer.TCP\Client\BuilderExtensions.cs","NSL.Node.RoomServer.Client"
"E:\my\NSL\Extensions\Node\Room\NSL.Node.RoomServer.TCP\Client\ClientTcpServerEntry.cs","NSL.Node.RoomServer.Client"
"E:\my\NSL\Extensions\NSL.Extensions.DataEngine\CacheManager.cs","NSL.Extensions.DataEngine"
"E:\my\NSL\Extensions\NSL.Extensions.DataEngine\Info\DataChangeCommitInfo.cs","NSL.Extensions.DataEngine.Info"
"E:\my\NSL\Extensions\NSL.Extensions.DataEngine\Info\DataChangeInfo.cs","NSL.Extensions.DataEngine.Info"
"E:\my\NSL\Extensions\NSL.Extensions.DataEngine\Interface\ICacheDataEntry.cs","NSL.Extensions.DataEngine.Interface"
"E:\my\NSL\Extensions\NSL.Extensions.DataEngine\Interface\ICacheDataProvider.cs","NSL.Extensions.DataEngine.Interface"
"E:\my\NSL\Extensions\NSL.Extensions.DataEngine\Interface\ICommitingCacheDataEntry.cs","NSL.Extensions.DataEngine.Interface"
"E:\my\NSL\Extensions\ScriptEngine\Examples\NSL.Extensions.NetScript.Example\Program.cs","NSL.Extensions.NetScript.Example"
"E:\my\NSL\Extensions\ScriptEngine\Examples\NSL.Extensions.NetScript.Example\TScript.cs","NSL.Extensions.NetScript.Example"
"E:\my\NSL\Extensions\ScriptEngine\NSL.Extensions.NetScript\CompileCodeFragmentInfo.cs","NSL.Extensions.NetScript"
"E:\my\NSL\Extensions\ScriptEngine\NSL.Extensions.NetScript\Core.cs","NSL.Extensions.NetScript"
"E:\my\NSL\Extensions\ScriptEngine\NSL.Extensions.NetScript\GlobalVariable.cs","NSL.Extensions.NetScript"
"E:\my\NSL\Extensions\ScriptEngine\NSL.Extensions.NetScript\NetScriptCompileException.cs","NSL.Extensions.NetScript"
"E:\my\NSL\Extensions\ScriptEngine\NSL.Extensions.NetScript\Script.cs","NSL.Extensions.NetScript"
"E:\my\NSL\Extensions\ScriptEngine\NSL.Extensions.NetScript\TypeHelper.cs","NSL.Extensions.NetScript"
"E:\my\NSL\Generators\NSL.Generators.BinaryGenerator\BinaryGeneratorContext.cs","NSL.Generators.BinaryGenerator"
"E:\my\NSL\Generators\NSL.Generators.BinaryGenerator\BinaryReadMethodsGenerator.cs","NSL.Generators.BinaryGenerator"
"E:\my\NSL\Generators\NSL.Generators.BinaryGenerator\BinaryWriteMethodsGenerator.cs","NSL.Generators.BinaryGenerator"
"E:\my\NSL\Generators\NSL.Generators.BinaryGenerator\Generators\ArrayTypeGenerator.cs","NSL.Generators.BinaryGenerator.Generators"
"E:\my\NSL\Generators\NSL.Generators.BinaryGenerator\Generators\BaseTypeGenerator.cs","NSL.Generators.BinaryGenerator.Generators"
"E:\my\NSL\Generators\NSL.Generators.BinaryGenerator\Generators\ClassTypeGenerator.cs","NSL.Generators.BinaryGenerator.Generators"
"E:\my\NSL\Generators\NSL.Generators.BinaryGenerator\Generators\CustomTypeGenerator.cs","NSL.Generators.BinaryGenerator.Generators"
"E:\my\NSL\Generators\NSL.Generators.BinaryGenerator\Generators\EnumTypeGenerator.cs","NSL.Generators.BinaryGenerator.Generators"
"E:\my\NSL\Generators\NSL.Generators.BinaryGenerator\Generators\NullableTypeGenerator.cs","NSL.Generators.BinaryGenerator.Generators"
"E:\my\NSL\Generators\NSL.Generators.BinaryGenerator\Generators\StructTypeGenerator.cs","NSL.Generators.BinaryGenerator.Generators"
"E:\my\NSL\Generators\NSL.Generators.BinaryGenerator\Generators\CustomGenerators\ByteArrayTypeGenerator.cs","NSL.Generators.BinaryGenerator.Generators.CustomGenerators"
"E:\my\NSL\Generators\NSL.Generators.BinaryGenerator\Generators\CustomGenerators\DictionaryTypeGenerator.cs","NSL.Generators.BinaryGenerator.Generators.CustomGenerators"
"E:\my\NSL\Generators\NSL.Generators.BinaryGenerator\Generators\CustomGenerators\IListTypeGenerator.cs","NSL.Generators.BinaryGenerator.Generators.CustomGenerators"
"E:\my\NSL\Generators\NSL.Generators.BinaryGenerator\Generators\CustomGenerators\ListTypeGenerator.cs","NSL.Generators.BinaryGenerator.Generators.CustomGenerators"
"E:\my\NSL\Generators\NSL.Generators.BinaryGenerator\Utils\GeneratorExecutionContextExtensions.cs","NSL.Generators.BinaryGenerator.Utils"
"E:\my\NSL\Generators\NSL.Generators.BinaryTypeIOGenerator\NSL.Generators.BinaryTypeIOGenerator.Core\BinaryIOAttributeSyntaxReceiver.cs","NSL.Generators.BinaryTypeIOGenerator.Core"
"E:\my\NSL\Generators\NSL.Generators.BinaryTypeIOGenerator\NSL.Generators.BinaryTypeIOGenerator.Core\BinaryIOTypeGenerator.cs","NSL.Generators.BinaryTypeIOGenerator.Core"
"E:\my\NSL\Generators\NSL.Generators.BinaryTypeIOGenerator\NSL.Generators.BinaryTypeIOGenerator.Core\BinaryTypeIOGeneratorContext.cs","NSL.Generators.BinaryTypeIOGenerator.Core"
"E:\my\NSL\Generators\NSL.Generators.BinaryTypeIOGenerator\NSL.Generators.BinaryTypeIOGenerator.Core\NSLBIOAttributeSyntaxReceiver.cs","NSL.Generators.BinaryTypeIOGenerator.Core"
"E:\my\NSL\Generators\NSL.Generators.BinaryTypeIOGenerator\NSL.Generators.BinaryTypeIOGenerator.Core\NSLBIOGeneratorContext.cs","NSL.Generators.BinaryTypeIOGenerator.Core"
"E:\my\NSL\Generators\NSL.Generators.BinaryTypeIOGenerator\NSL.Generators.BinaryTypeIOGenerator.Core\NSLBIOTypeGenerator.cs","NSL.Generators.BinaryTypeIOGenerator.Core"
"E:\my\NSL\Generators\NSL.Generators.BinaryTypeIOGenerator\NSL.Generators.BinaryTypeIOGenerator.Core\Models\MethodInfoModel.cs","NSL.Generators.BinaryTypeIOGenerator.Core.Models"
"E:\my\NSL\Generators\NSL.Generators.BinaryTypeIOGenerator\NSL.Generators.BinaryTypeIOGenerator.Shared\BinaryIODataAttribute.cs","NSL.Generators.BinaryTypeIOGenerator.Attributes"
"E:\my\NSL\Generators\NSL.Generators.BinaryTypeIOGenerator\NSL.Generators.BinaryTypeIOGenerator.Shared\BinaryIODataIgnoreAttribute.cs","NSL.Generators.BinaryTypeIOGenerator.Attributes"
"E:\my\NSL\Generators\NSL.Generators.BinaryTypeIOGenerator\NSL.Generators.BinaryTypeIOGenerator.Shared\BinaryIOMethodsForAttribute.cs","NSL.Generators.BinaryTypeIOGenerator.Attributes"
"E:\my\NSL\Generators\NSL.Generators.BinaryTypeIOGenerator\NSL.Generators.BinaryTypeIOGenerator.Shared\BinaryIOReadMethodAttribute.cs","NSL.Generators.BinaryTypeIOGenerator.Attributes"
"E:\my\NSL\Generators\NSL.Generators.BinaryTypeIOGenerator\NSL.Generators.BinaryTypeIOGenerator.Shared\BinaryIOTypeAttribute.cs","NSL.Generators.BinaryTypeIOGenerator.Attributes"
"E:\my\NSL\Generators\NSL.Generators.BinaryTypeIOGenerator\NSL.Generators.BinaryTypeIOGenerator.Shared\BinaryIOWriteMethodAttribute.cs","NSL.Generators.BinaryTypeIOGenerator.Attributes"
"E:\my\NSL\Generators\NSL.Generators.BinaryTypeIOGenerator\NSL.Generators.BinaryTypeIOGenerator.Shared\NSLBIOIncludeAttribute.cs","NSL.Generators.BinaryTypeIOGenerator.Attributes"
"E:\my\NSL\Generators\NSL.Generators.BinaryTypeIOGenerator\NSL.Generators.BinaryTypeIOGenerator.Shared\NSLBIOModelJoinAttribute.cs","NSL.Generators.BinaryTypeIOGenerator.Attributes"
"E:\my\NSL\Generators\NSL.Generators.BinaryTypeIOGenerator\NSL.Generators.BinaryTypeIOGenerator.Shared\NSLBIOProxyAttribute.cs","NSL.Generators.BinaryTypeIOGenerator.Attributes"
"E:\my\NSL\Generators\NSL.Generators.BinaryTypeIOGenerator\NSL.Generators.BinaryTypeIOGenerator.Shared\NSLBIOTypeAttribute.cs","NSL.Generators.BinaryTypeIOGenerator.Attributes"
"E:\my\NSL\Generators\NSL.Generators.BinaryTypeIOGenerator\Tests\NSL.Generators.BinaryTypeIOGenerator.Tests\Program.cs","NSL.Generators.BinaryTypeIOGenerator.Tests"
"E:\my\NSL\Generators\NSL.Generators.BinaryTypeIOGenerator\Tests\NSL.Generators.BinaryTypeIOGenerator.Tests\TestStruct1.cs","NSL.Generators.BinaryTypeIOGenerator.Tests"
"E:\my\NSL\Generators\NSL.Generators.BinaryTypeIOGenerator\Tests\NSL.Generators.BinaryTypeIOGenerator.Tests\TestStruct2.cs","NSL.Generators.BinaryTypeIOGenerator.Tests"
"E:\my\NSL\Generators\NSL.Generators.EntityPathGenerator\NSL.Generators.EntityPathGenerator.Core\NSLEntityPathGeneratorCodeRefactoringProvider.cs","NSL.Generators.EntityPathGenerator.Core"
"E:\my\NSL\Generators\NSL.Generators.EntityPathGenerator\NSL.Generators.EntityPathGenerator.Shared\FilterInfo.cs","NSL.Entity.PathGenerator.Shared"
"E:\my\NSL\Generators\NSL.Generators.EntityPathGenerator\NSL.Generators.EntityPathGenerator.Shared\Annotations\PathJoinAttribute.cs","NSL.Entity.PathGenerator.Shared.Annotations"
"E:\my\NSL\Generators\NSL.Generators.EntityPathGenerator\NSL.Generators.EntityPathGenerator.Shared\Annotations\PathMetaAttribute.cs","NSL.Entity.PathGenerator.Shared.Annotations"
"E:\my\NSL\Generators\NSL.Generators.EntityPathGenerator\NSL.Generators.EntityPathGenerator.Shared\Annotations\PathNodeAttribute.cs","NSL.Entity.PathGenerator.Shared.Annotations"
"E:\my\NSL\Generators\NSL.Generators.EntityPathGenerator\NSL.Generators.EntityPathGenerator.Shared\Annotations\PathProxyAttribute.cs","NSL.Entity.PathGenerator.Shared.Annotations"
"E:\my\NSL\Generators\NSL.Generators.EntityPathGenerator\NSL.Generators.EntityPathGenerator.Shared\Annotations\PathTableAttribute.cs","NSL.Entity.PathGenerator.Shared.Annotations"
"E:\my\NSL\Generators\NSL.Generators.FillTypeGenerator\NSL.Generators.FillTypeGenerator.Core\FillTypeAttributeSyntaxReceiver.cs","NSL.Generators.FillTypeGenerator.Core"
"E:\my\NSL\Generators\NSL.Generators.FillTypeGenerator\NSL.Generators.FillTypeGenerator.Core\FillTypeGenerator.cs","NSL.Generators.FillTypeGenerator.Core"
"E:\my\NSL\Generators\NSL.Generators.FillTypeGenerator\NSL.Generators.FillTypeGenerator.Core\Utils\GeneratorExecutionContextExtensions.cs","NSL.Generators.FillTypeGenerator.Core.Utils"
"E:\my\NSL\Generators\NSL.Generators.FillTypeGenerator\NSL.Generators.FillTypeGenerator.Shared\FillTypeFromGenerateAttribute.cs","NSL.Generators.FillTypeGenerator.Attributes"
"E:\my\NSL\Generators\NSL.Generators.FillTypeGenerator\NSL.Generators.FillTypeGenerator.Shared\FillTypeGenerateAttribute.cs","NSL.Generators.FillTypeGenerator.Attributes"
"E:\my\NSL\Generators\NSL.Generators.FillTypeGenerator\NSL.Generators.FillTypeGenerator.Shared\FillTypeGenerateConvertAttribute.cs","NSL.Generators.FillTypeGenerator.Attributes"
"E:\my\NSL\Generators\NSL.Generators.FillTypeGenerator\NSL.Generators.FillTypeGenerator.Shared\FillTypeGenerateIgnoreAttribute.cs","NSL.Generators.FillTypeGenerator.Attributes"
"E:\my\NSL\Generators\NSL.Generators.FillTypeGenerator\NSL.Generators.FillTypeGenerator.Shared\FillTypeGenerateIncludeAttribute.cs","NSL.Generators.FillTypeGenerator.Attributes"
"E:\my\NSL\Generators\NSL.Generators.FillTypeGenerator\NSL.Generators.FillTypeGenerator.Shared\FillTypeGenerateProxyAttribute.cs","NSL.Generators.FillTypeGenerator.Attributes"
"E:\my\NSL\Generators\NSL.Generators.FillTypeGenerator\NSL.Generators.FillTypeGenerator.Shared\MergeToTypeAttribute.cs","NSL.Generators.FillTypeGenerator.Attributes"
"E:\my\NSL\Generators\NSL.Generators.FillTypeGenerator\NSL.Generators.FillTypeGenerator.Shared\MergeToTypeIgnoreAttribute.cs","NSL.Generators.FillTypeGenerator.Attributes"
"E:\my\NSL\Generators\NSL.Generators.FillTypeGenerator\Tests\NSL.Generators.FillTypeGenerator.Tests\Program.cs","NSL.Generators.FillTypeGenerator.Tests"
"E:\my\NSL\Generators\NSL.Generators.FillTypeGenerator\Tests\NSL.Generators.FillTypeGenerator.Tests\Test1Model.cs","NSL.Generators.FillTypeGenerator.Tests"
"E:\my\NSL\Generators\NSL.Generators.FillTypeGenerator\Tests\NSL.Generators.FillTypeGenerator.Tests\Test2Model.cs","NSL.Generators.FillTypeGenerator.Tests"
"E:\my\NSL\Generators\NSL.Generators.FillTypeGenerator\Tests\NSL.Generators.FillTypeGenerator.Tests\Test3Model.cs","NSL.Generators.FillTypeGenerator.Tests"
"E:\my\NSL\Generators\NSL.Generators.FillTypeGenerator\Tests\NSL.Generators.FillTypeGenerator.Tests\Test4Model.cs","NSL.Generators.FillTypeGenerator.Tests"
"E:\my\NSL\Generators\NSL.Generators.FillTypeGenerator\Tests\NSL.Generators.FillTypeGenerator.Tests\Test5Model.cs","NSL.Generators.FillTypeGenerator.Tests"
"E:\my\NSL\Generators\NSL.Generators.FillTypeGenerator\Tests\NSL.Generators.FillTypeGenerator.Tests\Test6Model.cs","NSL.Generators.FillTypeGenerator.Tests"
"E:\my\NSL\Generators\NSL.Generators.FillTypeGenerator\Tests\NSL.Generators.FillTypeGenerator.Tests\Test7Model.cs","NSL.Generators.FillTypeGenerator.Tests"
"E:\my\NSL\Generators\NSL.Generators.FillTypeGenerator\Tests\NSL.Generators.FillTypeGenerator.Tests\Cast\CastContainer1.cs","NSL.Generators.FillTypeGenerator.Tests"
"E:\my\NSL\Generators\NSL.Generators.FillTypeGenerator\Tests\NSL.Generators.FillTypeGenerator.Tests\Cast\StringCastModel.cs","NSL.Generators.FillTypeGenerator.Tests.Develop"
"E:\my\NSL\Generators\NSL.Generators.FillTypeGenerator\Tests\NSL.Generators.FillTypeGenerator.Tests\Develop\IgnoreModel.cs","NSL.Generators.FillTypeGenerator.Tests.Develop"
"E:\my\NSL\Generators\NSL.Generators.FillTypeGenerator\Tests\NSL.Generators.FillTypeGenerator.Tests\Develop\PartialModel1_2.cs","NSL.Generators.FillTypeGenerator.Tests.Partial"
"E:\my\NSL\Generators\NSL.Generators.FillTypeGenerator\Tests\NSL.Generators.FillTypeGenerator.Tests\Develop\PartialModel1.cs","NSL.Generators.FillTypeGenerator.Tests.Partial"
"E:\my\NSL\Generators\NSL.Generators.FillTypeGenerator\Tests\NSL.Generators.FillTypeGenerator.Tests\DuplicateName\DuplicateNameModel.cs","NSL.Generators.FillTypeGenerator.Tests.Develop"
"E:\my\NSL\Generators\NSL.Generators.FillTypeGenerator\Tests\NSL.Generators.FillTypeGenerator.Tests\DuplicateName\DuplicateNameToModel.cs","NSL.Generators.FillTypeGenerator.Tests.DuplicateName"
"E:\my\NSL\Generators\NSL.Generators.FillTypeGenerator\Tests\NSL.Generators.FillTypeGenerator.Tests\DuplicateName\IDuplicateNameDataModel.cs","NSL.Generators.FillTypeGenerator.Tests.DuplicateName"
"E:\my\NSL\Generators\NSL.Generators.FillTypeGenerator\Tests\NSL.Generators.FillTypeGenerator.Tests\DuplicateName\IDuplicateNameModel.cs","NSL.Generators.FillTypeGenerator.Tests.Develop"
"E:\my\NSL\Generators\NSL.Generators.FillTypeGenerator\Tests\NSL.Generators.FillTypeGenerator.Tests\DuplicateName\StaticModel.cs","NSL.Generators.FillTypeGenerator.Tests.Develop"
"E:\my\NSL\Generators\NSL.Generators.FillTypeGenerator\Tests\NSL.Generators.FillTypeGenerator.Tests\Enum\EType1Model.cs","NSL.Generators.FillTypeGenerator.Tests"
"E:\my\NSL\Generators\NSL.Generators.FillTypeGenerator\Tests\NSL.Generators.FillTypeGenerator.Tests\Enum\EType2Model.cs","NSL.Generators.FillTypeGenerator.Tests"
"E:\my\NSL\Generators\NSL.Generators.FillTypeGenerator\Tests\NSL.Generators.FillTypeGenerator.Tests\Indexer\IndexerModel.cs","NSL.Generators.FillTypeGenerator.Tests.Develop"
"E:\my\NSL\Generators\NSL.Generators.FillTypeGenerator\Tests\NSL.Generators.FillTypeGenerator.Tests\MergeMembers\MergeMembers.cs","NSL.Generators.FillTypeGenerator.Tests.MergeMembers"
"E:\my\NSL\Generators\NSL.Generators.FillTypeGenerator\Tests\NSL.Generators.FillTypeGenerator.Tests\NoEqMemberTypeWithEqNames\DevClass1.cs","NSL.Generators.FillTypeGenerator.Tests"
"E:\my\NSL\Generators\NSL.Generators.FillTypeGenerator\Tests\NSL.Generators.FillTypeGenerator.Tests\NoEqMemberTypeWithEqNames\DevClass3.cs","NSL.Generators.FillTypeGenerator.Tests"
"E:\my\NSL\Generators\NSL.Generators.FillTypeGenerator\Tests\NSL.Generators.FillTypeGenerator.Tests\Nullable\NullableModel1.cs","NSL.Generators.FillTypeGenerator.Tests.Develop.Nullable"
"E:\my\NSL\Generators\NSL.Generators.FillTypeGenerator\Tests\NSL.Generators.FillTypeGenerator.Tests\Property\PropertyModel1.cs","NSL.Generators.FillTypeGenerator.Tests.Develop.Property"
"E:\my\NSL\Generators\NSL.Generators.FillTypeGenerator\Tests\NSL.Generators.FillTypeGenerator.Tests\Proxy\ProxyModel1.cs","NSL.Generators.FillTypeGenerator.Tests"
"E:\my\NSL\Generators\NSL.Generators.FillTypeGenerator\Tests\NSL.Generators.FillTypeGenerator.Tests\Proxy\ProxyModel2.cs","NSL.Generators.FillTypeGenerator.Tests"
"E:\my\NSL\Generators\NSL.Generators.FillTypeGenerator\Tests\NSL.Generators.FillTypeGenerator.Tests.From\DevClass2.cs","NSL.Generators.FillTypeGenerator.Tests.From"
"E:\my\NSL\Generators\NSL.Generators.FillTypeGenerator\Tests\NSL.Generators.FillTypeGenerator.Tests.From\DevEnum.cs","NSL.Generators.FillTypeGenerator.Tests.From"
"E:\my\NSL\Generators\NSL.Generators.HttpEndPointGenerator\NSL.Generators.HttpEndPointGenerator.Core\HttpEndPointGenerator.cs","NSL.Generators.HttpEndPointGenerator.Core"
"E:\my\NSL\Generators\NSL.Generators.HttpEndPointGenerator\NSL.Generators.HttpEndPointGenerator.Core\HttpEndPointImplementAttributeSyntaxReceiver.cs","NSL.Generators.HttpEndPointGenerator.Core"
"E:\my\NSL\Generators\NSL.Generators.HttpEndPointGenerator\NSL.Generators.HttpEndPointGenerator.Core\Utils\GeneratorExecutionContextExtensions.cs","NSL.Generators.HttpEndPointGenerator.Core.Utils"
"E:\my\NSL\Generators\NSL.Generators.HttpEndPointGenerator\NSL.Generators.HttpEndPointGenerator.Shared\Attributes\HttpEndPointContainerGenerateAttribute.cs","NSL.Generators.HttpEndPointGenerator.Shared.Attributes"
"E:\my\NSL\Generators\NSL.Generators.HttpEndPointGenerator\NSL.Generators.HttpEndPointGenerator.Shared\Attributes\HttpEndPointExcludeUsingAttribute.cs","NSL.Generators.HttpEndPointGenerator.Shared.Attributes"
"E:\my\NSL\Generators\NSL.Generators.HttpEndPointGenerator\NSL.Generators.HttpEndPointGenerator.Shared\Attributes\HttpEndPointGenerateAttribute.cs","NSL.Generators.HttpEndPointGenerator.Shared.Attributes"
"E:\my\NSL\Generators\NSL.Generators.HttpEndPointGenerator\NSL.Generators.HttpEndPointGenerator.Shared\Attributes\HttpEndPointImplementGenerateAttribute.cs","NSL.Generators.HttpEndPointGenerator.Shared.Attributes"
"E:\my\NSL\Generators\NSL.Generators.HttpEndPointGenerator\NSL.Generators.HttpEndPointGenerator.Shared\Attributes\HttpEndPointIncludeUsingAttribute.cs","NSL.Generators.HttpEndPointGenerator.Shared.Attributes"
"E:\my\NSL\Generators\NSL.Generators.HttpEndPointGenerator\NSL.Generators.HttpEndPointGenerator.Shared\Attributes\HttpEndPointParameterAttribute.cs","NSL.Generators.HttpEndPointGenerator.Shared.Attributes"
"E:\my\NSL\Generators\NSL.Generators.HttpEndPointGenerator\NSL.Generators.HttpEndPointGenerator.Shared\Fake\Attributes\FromBodyAttribute.cs","NSL.Generators.HttpEndPointGenerator.Shared.Fake.Attributes"
"E:\my\NSL\Generators\NSL.Generators.HttpEndPointGenerator\NSL.Generators.HttpEndPointGenerator.Shared\Fake\Attributes\FromFormAttribute.cs","NSL.Generators.HttpEndPointGenerator.Shared.Fake.Attributes"
"E:\my\NSL\Generators\NSL.Generators.HttpEndPointGenerator\NSL.Generators.HttpEndPointGenerator.Shared\Fake\Attributes\FromHeaderAttribute.cs","NSL.Generators.HttpEndPointGenerator.Shared.Fake.Attributes"
"E:\my\NSL\Generators\NSL.Generators.HttpEndPointGenerator\NSL.Generators.HttpEndPointGenerator.Shared\Fake\Attributes\FromKeyedServicesAttribute.cs","NSL.Generators.HttpEndPointGenerator.Shared.Fake.Attributes"
"E:\my\NSL\Generators\NSL.Generators.HttpEndPointGenerator\NSL.Generators.HttpEndPointGenerator.Shared\Fake\Attributes\FromQueryAttribute.cs","NSL.Generators.HttpEndPointGenerator.Shared.Fake.Attributes"
"E:\my\NSL\Generators\NSL.Generators.HttpEndPointGenerator\NSL.Generators.HttpEndPointGenerator.Shared\Fake\Attributes\FromRouteAttribute.cs","NSL.Generators.HttpEndPointGenerator.Shared.Fake.Attributes"
"E:\my\NSL\Generators\NSL.Generators.HttpEndPointGenerator\NSL.Generators.HttpEndPointGenerator.Shared\Fake\Attributes\FromServicesAttribute.cs","NSL.Generators.HttpEndPointGenerator.Shared.Fake.Attributes"
"E:\my\NSL\Generators\NSL.Generators.HttpEndPointGenerator\NSL.Generators.HttpEndPointGenerator.Shared\Fake\Attributes\RouteAttribute.cs","NSL.Generators.HttpEndPointGenerator.Shared.Fake.Attributes"
"E:\my\NSL\Generators\NSL.Generators.HttpEndPointGenerator\NSL.Generators.HttpEndPointGenerator.Shared\Fake\Interfaces\IActionResult.cs","NSL.Generators.HttpEndPointGenerator.Shared.Fake.Interfaces"
"E:\my\NSL\Generators\NSL.Generators.HttpEndPointGenerator\NSL.Generators.HttpEndPointGenerator.Shared\Fake\Interfaces\IFormFile.cs","NSL.Generators.HttpEndPointGenerator.Shared.Fake.Interfaces"
"E:\my\NSL\Generators\NSL.Generators.HttpEndPointGenerator\NSL.Generators.HttpEndPointGenerator.Shared\Fake\Interfaces\IFormFileCollection.cs","NSL.Generators.HttpEndPointGenerator.Shared.Fake.Interfaces"
"E:\my\NSL\Generators\NSL.Generators.HttpEndPointGenerator\NSL.Generators.HttpEndPointGenerator.Shared\Fake\Interfaces\IHeaderDictionary.cs","NSL.Generators.HttpEndPointGenerator.Shared.Fake.Interfaces"
"E:\my\NSL\Generators\NSL.Generators.HttpEndPointGenerator\Tests\NSL.Generators.HttpEndPointGenerator.Tests.Client\Program.cs","NSL.Generators.HttpEndPointGenerator.Tests.Client"
"E:\my\NSL\Generators\NSL.Generators.HttpEndPointGenerator\Tests\NSL.Generators.HttpEndPointGenerator.Tests.Client\TestService.cs","NSL.Generators.HttpEndPointGenerator.Tests.Client"
"E:\my\NSL\Generators\NSL.Generators.HttpEndPointGenerator\Tests\NSL.Generators.HttpEndPointGenerator.Tests.Server\Program.cs","NSL.Generators.HttpEndPointGenerator.Tests.Server"
"E:\my\NSL\Generators\NSL.Generators.HttpEndPointGenerator\Tests\NSL.Generators.HttpEndPointGenerator.Tests.Server\Controllers\TestController.cs","NSL.Generators.HttpEndPointGenerator.Tests.Server.Controllers"
"E:\my\NSL\Generators\NSL.Generators.HttpEndPointGenerator\Tests\NSL.Generators.HttpEndPointGenerator.Tests.Shared\ITestController.cs","NSL.Generators.HttpEndPointGenerator.Tests.Shared"
"E:\my\NSL\Generators\NSL.Generators.HttpEndPointGenerator\Tests\NSL.Generators.HttpEndPointGenerator.Tests.Shared\Develop\WithModelName\WithModelName2.cs","NSL.Generators.FillTypeGenerator.Tests.Develop.WithModelName"
"E:\my\NSL\Generators\NSL.Generators.PacketHandleGenerator\NSL.Generators.PacketHandleGenerator.Core\CodeBuilderData.cs","NSL.Generators.PacketHandleGenerator.Core"
"E:\my\NSL\Generators\NSL.Generators.PacketHandleGenerator\NSL.Generators.PacketHandleGenerator.Core\HandlesData.cs","NSL.Generators.PacketHandleGenerator.Core"
"E:\my\NSL\Generators\NSL.Generators.PacketHandleGenerator\NSL.Generators.PacketHandleGenerator.Core\NSLPHAttributeSyntaxReceiver.cs","NSL.Generators.PacketHandleGenerator.Core"
"E:\my\NSL\Generators\NSL.Generators.PacketHandleGenerator\NSL.Generators.PacketHandleGenerator.Core\NSLPHTypeGenerator.cs","NSL.Generators.PacketHandleGenerator.Core"
"E:\my\NSL\Generators\NSL.Generators.PacketHandleGenerator\NSL.Generators.PacketHandleGenerator.Core\PacketData.cs","NSL.Generators.PacketHandleGenerator.Core"
"E:\my\NSL\Generators\NSL.Generators.PacketHandleGenerator\NSL.Generators.PacketHandleGenerator.Core\PacketParamData.cs","NSL.Generators.PacketHandleGenerator.Core"
"E:\my\NSL\Generators\NSL.Generators.PacketHandleGenerator\NSL.Generators.PacketHandleGenerator.Core\PacketResultData.cs","NSL.Generators.PacketHandleGenerator.Core"
"E:\my\NSL\Generators\NSL.Generators.PacketHandleGenerator\NSL.Generators.PacketHandleGenerator.Core\Utils\GeneratorExecutionContextExtensions.cs","NSL.Generators.PacketHandleGenerator.Core.Utils"
"E:\my\NSL\Generators\NSL.Generators.PacketHandleGenerator\NSL.Generators.PacketHandleGenerator.Shared\NSLAccessModifierEnum.cs","NSL.Generators.PacketHandleGenerator.Shared"
"E:\my\NSL\Generators\NSL.Generators.PacketHandleGenerator\NSL.Generators.PacketHandleGenerator.Shared\NSLHPDirTypeEnum.cs","NSL.Generators.PacketHandleGenerator.Shared"
"E:\my\NSL\Generators\NSL.Generators.PacketHandleGenerator\NSL.Generators.PacketHandleGenerator.Shared\NSLPacketTypeEnum.cs","NSL.Generators.PacketHandleGenerator.Shared"
"E:\my\NSL\Generators\NSL.Generators.PacketHandleGenerator\NSL.Generators.PacketHandleGenerator.Shared\NSLPHGenAttribute.cs","NSL.Generators.PacketHandleGenerator.Shared"
"E:\my\NSL\Generators\NSL.Generators.PacketHandleGenerator\NSL.Generators.PacketHandleGenerator.Shared\NSLPHGenDefaultsAttribute.cs","NSL.Generators.PacketHandleGenerator.Shared"
"E:\my\NSL\Generators\NSL.Generators.PacketHandleGenerator\NSL.Generators.PacketHandleGenerator.Shared\NSLPHGenImplAttribute.cs","NSL.Generators.PacketHandleGenerator.Shared"
"E:\my\NSL\Generators\NSL.Generators.PacketHandleGenerator\NSL.Generators.PacketHandleGenerator.Shared\NSLPHGenParamAttribute.cs","NSL.Generators.PacketHandleGenerator.Shared"
"E:\my\NSL\Generators\NSL.Generators.PacketHandleGenerator\NSL.Generators.PacketHandleGenerator.Shared\NSLPHGenResultAttribute.cs","NSL.Generators.PacketHandleGenerator.Shared"
"E:\my\NSL\Generators\NSL.Generators.PacketHandleGenerator\Tests\NSL.Generators.PacketHandleGenerator.Tests\DevPackets.cs","NSL.Generators.PacketHandleGenerator.Tests"
"E:\my\NSL\Generators\NSL.Generators.PacketHandleGenerator\Tests\NSL.Generators.PacketHandleGenerator.Tests\Program.cs","NSL.Generators.PacketHandleGenerator.Tests"
"E:\my\NSL\Generators\NSL.Generators.PacketHandleGenerator\Tests\NSL.Generators.PacketHandleGenerator.Tests\ReceiveRepository.cs","NSL.Generators.PacketHandleGenerator.Tests"
"E:\my\NSL\Generators\NSL.Generators.PacketHandleGenerator\Tests\NSL.Generators.PacketHandleGenerator.Tests\SendRepository.cs","NSL.Generators.PacketHandleGenerator.Tests"
"E:\my\NSL\Generators\NSL.Generators.RpcGenerator\NSL.Generators.RpcGenerator.Core\NSLRPCGenerator.cs","NSL.Generators.RpcGenerator.Core"
"E:\my\NSL\Generators\NSL.Generators.RpcGenerator\NSL.Generators.RpcGenerator.Core\NSLRPCSyntaxReceiver.cs","NSL.Generators.RpcGenerator.Core"
"E:\my\NSL\Generators\NSL.Generators.RpcGenerator\NSL.Generators.RpcGenerator.Core\RpcContainerData.cs","NSL.Generators.RpcGenerator.Core"
"E:\my\NSL\Generators\NSL.Generators.RpcGenerator\NSL.Generators.RpcGenerator.Core\RpcMethodData.cs","NSL.Generators.RpcGenerator.Core"
"E:\my\NSL\Generators\NSL.Generators.RpcGenerator\NSL.Generators.RpcGenerator.Core\RpcParamData.cs","NSL.Generators.RpcGenerator.Core"
"E:\my\NSL\Generators\NSL.Generators.RpcGenerator\NSL.Generators.RpcGenerator.Core\RpcResultData.cs","NSL.Generators.RpcGenerator.Core"
"E:\my\NSL\Generators\NSL.Generators.RpcGenerator\NSL.Generators.RpcGenerator.Core\Utils\GeneratorContextExtensions.cs","NSL.Generators.RpcGenerator.Core.Utils"
"E:\my\NSL\Generators\NSL.Generators.RpcGenerator\NSL.Generators.RpcGenerator.Shared\DefaultRPCNetworkChannel.cs","NSL.Generators.RpcGenerator.Shared"
"E:\my\NSL\Generators\NSL.Generators.RpcGenerator\NSL.Generators.RpcGenerator.Shared\IRPCNetworkChannel.cs","NSL.Generators.RpcGenerator.Shared"
"E:\my\NSL\Generators\NSL.Generators.RpcGenerator\NSL.Generators.RpcGenerator.Shared\NSLRPCDirection.cs","NSL.Generators.RpcGenerator.Shared"
"E:\my\NSL\Generators\NSL.Generators.RpcGenerator\NSL.Generators.RpcGenerator.Shared\NSLRPCRemoteException.cs","NSL.Generators.RpcGenerator.Shared"
"E:\my\NSL\Generators\NSL.Generators.RpcGenerator\NSL.Generators.RpcGenerator.Shared\Attributes\NSLRPCContainerAttribute.cs","NSL.Generators.RpcGenerator.Shared.Attributes"
"E:\my\NSL\Generators\NSL.Generators.RpcGenerator\NSL.Generators.RpcGenerator.Shared\Attributes\NSLRPCExceptionHandlerAttribute.cs","NSL.Generators.RpcGenerator.Shared.Attributes"
"E:\my\NSL\Generators\NSL.Generators.RpcGenerator\NSL.Generators.RpcGenerator.Shared\Attributes\NSLRPCFireAndForgetAttribute.cs","NSL.Generators.RpcGenerator.Shared.Attributes"
"E:\my\NSL\Generators\NSL.Generators.RpcGenerator\NSL.Generators.RpcGenerator.Shared\Attributes\NSLRPCImplementAttribute.cs","NSL.Generators.RpcGenerator.Shared.Attributes"
"E:\my\NSL\Generators\NSL.Generators.RpcGenerator\NSL.Generators.RpcGenerator.Shared\Attributes\NSLRPCMethodAttribute.cs","NSL.Generators.RpcGenerator.Shared.Attributes"
"E:\my\NSL\Generators\NSL.Generators.RpcGenerator\Tests\NSL.Generators.RpcGenerator.Tests.Client\Program.cs","NSL.Generators.RpcGenerator.Tests.Client"
"E:\my\NSL\Generators\NSL.Generators.RpcGenerator\Tests\NSL.Generators.RpcGenerator.Tests.Client\TestRpcClient.cs","NSL.Generators.RpcGenerator.Tests.Client"
"E:\my\NSL\Generators\NSL.Generators.RpcGenerator\Tests\NSL.Generators.RpcGenerator.Tests.Server\TestRpcServer.cs","NSL.Generators.RpcGenerator.Tests.Server"
"E:\my\NSL\Generators\NSL.Generators.RpcGenerator\Tests\NSL.Generators.RpcGenerator.Tests.Shared\ITestRpcService.cs","NSL.Generators.RpcGenerator.Tests.Shared"
"E:\my\NSL\Generators\NSL.Generators.RpcGenerator\Tests\NSL.Generators.RpcGenerator.Tests.Shared\TestModels.cs","NSL.Generators.RpcGenerator.Tests.Shared"
"E:\my\NSL\Generators\NSL.Generators.SelectTypeCycleGenerator\NSL.Generators.SelectTypeCycleGenerator.Core\NSLEntitySelectCycleGeneratorCodeRefactoringProvider.cs","NSL.Generators.SelectTypeCycleGenerator.Core"
"E:\my\NSL\Generators\NSL.Generators.SelectTypeCycleGenerator\NSL.Generators.SelectTypeCycleGenerator.Shared\SqlCycleFilterAttribute.cs","NSL.Entity.SelectCycleGenerator.Shared"
"E:\my\NSL\Generators\NSL.Generators.SelectTypeCycleGenerator\NSL.Generators.SelectTypeCycleGenerator.Shared\SqlCycleFilterTarget.cs","NSL.Entity.SelectCycleGenerator.Shared"
"E:\my\NSL\Generators\NSL.Generators.SelectTypeCycleGenerator\NSL.Generators.SelectTypeCycleGenerator.Shared\SqlCycleOrderByAttribute.cs","NSL.Entity.SelectCycleGenerator.Shared"
"E:\my\NSL\Generators\NSL.Generators.SelectTypeCycleGenerator\NSL.Generators.SelectTypeCycleGenerator.Shared\SqlCyclePaginationAttribute.cs","NSL.Entity.SelectCycleGenerator.Shared"
"E:\my\NSL\Generators\NSL.Generators.SelectTypeCycleGenerator\NSL.Generators.SelectTypeCycleGenerator.Shared\SqlCycleParentPropertyAttribute.cs","NSL.Entity.SelectCycleGenerator.Shared"
"E:\my\NSL\Generators\NSL.Generators.SelectTypeCycleGenerator\NSL.Generators.SelectTypeCycleGenerator.Shared\SqlCycleSelectAttribute.cs","NSL.Entity.SelectCycleGenerator.Shared"
"E:\my\NSL\Generators\NSL.Generators.SelectTypeGenerator\NSL.Generators.SelectTypeGenerator.Core\GenAttribute.cs","NSL.Generators.SelectTypeGenerator.Core"
"E:\my\NSL\Generators\NSL.Generators.SelectTypeGenerator\NSL.Generators.SelectTypeGenerator.Core\GenTypeGroup.cs","NSL.Generators.SelectTypeGenerator.Core"
"E:\my\NSL\Generators\NSL.Generators.SelectTypeGenerator\NSL.Generators.SelectTypeGenerator.Core\SelectAttributeSyntaxReceiver.cs","NSL.Generators.SelectTypeGenerator.Core"
"E:\my\NSL\Generators\NSL.Generators.SelectTypeGenerator\NSL.Generators.SelectTypeGenerator.Core\SelectGenContext.cs","NSL.Generators.SelectTypeGenerator.Core"
"E:\my\NSL\Generators\NSL.Generators.SelectTypeGenerator\NSL.Generators.SelectTypeGenerator.Core\SelectGenDTOContext.cs","NSL.Generators.SelectTypeGenerator.Core"
"E:\my\NSL\Generators\NSL.Generators.SelectTypeGenerator\NSL.Generators.SelectTypeGenerator.Core\SelectGenerator.cs","NSL.Generators.SelectTypeGenerator.Core"
"E:\my\NSL\Generators\NSL.Generators.SelectTypeGenerator\NSL.Generators.SelectTypeGenerator.Core\Utils\GeneratorExecutionContextExtensions.cs","NSL.Generators.SelectTypeGenerator.Core.Utils"
"E:\my\NSL\Generators\NSL.Generators.SelectTypeGenerator\NSL.Generators.SelectTypeGenerator.Shared\SelectGenerateAttribute.cs","NSL.Generators.SelectTypeGenerator.Attributes"
"E:\my\NSL\Generators\NSL.Generators.SelectTypeGenerator\NSL.Generators.SelectTypeGenerator.Shared\SelectGenerateIncludeAttribute.cs","NSL.Generators.SelectTypeGenerator.Attributes"
"E:\my\NSL\Generators\NSL.Generators.SelectTypeGenerator\NSL.Generators.SelectTypeGenerator.Shared\SelectGenerateModelJoinAttribute.cs","NSL.Generators.SelectTypeGenerator.Attributes"
"E:\my\NSL\Generators\NSL.Generators.SelectTypeGenerator\NSL.Generators.SelectTypeGenerator.Shared\SelectGenerateProxyAttribute.cs","NSL.Generators.SelectTypeGenerator.Attributes"
"E:\my\NSL\Generators\NSL.Generators.SelectTypeGenerator\Tests\NSL.Generators.SelectTypeGenerator.EF.Tests\Dev1Model.cs","NSL.Generators.SelectTypeGenerator.EF.Tests"
"E:\my\NSL\Generators\NSL.Generators.SelectTypeGenerator\Tests\NSL.Generators.SelectTypeGenerator.EF.Tests\Dev2Model.cs","NSL.Generators.SelectTypeGenerator.EF.Tests"
"E:\my\NSL\Generators\NSL.Generators.SelectTypeGenerator\Tests\NSL.Generators.SelectTypeGenerator.EF.Tests\DevDbContext.cs","NSL.Generators.SelectTypeGenerator.EF.Tests"
"E:\my\NSL\Generators\NSL.Generators.SelectTypeGenerator\Tests\NSL.Generators.SelectTypeGenerator.EF.Tests\Program.cs","NSL.Generators.SelectTypeGenerator.EF.Tests"
"E:\my\NSL\Generators\NSL.Generators.SelectTypeGenerator\Tests\NSL.Generators.SelectTypeGenerator.EF.Tests\WeatherForecast.cs","NSL.Generators.SelectTypeGenerator.EF.Tests"
"E:\my\NSL\Generators\NSL.Generators.SelectTypeGenerator\Tests\NSL.Generators.SelectTypeGenerator.EF.Tests\Migrations\20250407061628_initial.cs","NSL.Generators.SelectTypeGenerator.EF.Tests.Migrations"
"E:\my\NSL\Generators\NSL.Generators.SelectTypeGenerator\Tests\NSL.Generators.SelectTypeGenerator.EF.Tests\Migrations\20250407061628_initial.Designer.cs","NSL.Generators.SelectTypeGenerator.EF.Tests.Migrations"
"E:\my\NSL\Generators\NSL.Generators.SelectTypeGenerator\Tests\NSL.Generators.SelectTypeGenerator.EF.Tests\Migrations\DevDbContextModelSnapshot.cs","NSL.Generators.SelectTypeGenerator.EF.Tests.Migrations"
"E:\my\NSL\Generators\NSL.Generators.SelectTypeGenerator\Tests\NSL.Generators.SelectTypeGenerator.Tests\DtoProxyModel1.cs","NSL.Generators.SelectTypeGenerator.Tests.Develop"
"E:\my\NSL\Generators\NSL.Generators.SelectTypeGenerator\Tests\NSL.Generators.SelectTypeGenerator.Tests\DtoProxyModel2.cs","NSL.Generators.SelectTypeGenerator.Tests.Develop"
"E:\my\NSL\Generators\NSL.Generators.SelectTypeGenerator\Tests\NSL.Generators.SelectTypeGenerator.Tests\JoiningModel1.cs","NSL.Generators.SelectTypeGenerator.Tests"
"E:\my\NSL\Generators\NSL.Generators.SelectTypeGenerator\Tests\NSL.Generators.SelectTypeGenerator.Tests\JoinProxyModel1.cs","NSL.Generators.SelectTypeGenerator.Tests"
"E:\my\NSL\Generators\NSL.Generators.SelectTypeGenerator\Tests\NSL.Generators.SelectTypeGenerator.Tests\JoinProxyModel2.cs","NSL.Generators.SelectTypeGenerator.Tests"
"E:\my\NSL\Generators\NSL.Generators.SelectTypeGenerator\Tests\NSL.Generators.SelectTypeGenerator.Tests\MultiLevelJoinModel1.cs","NSL.Generators.SelectTypeGenerator.Tests.Develop"
"E:\my\NSL\Generators\NSL.Generators.SelectTypeGenerator\Tests\NSL.Generators.SelectTypeGenerator.Tests\MultiLevelJoinModel2.cs","NSL.Generators.SelectTypeGenerator.Tests.Develop"
"E:\my\NSL\Generators\NSL.Generators.SelectTypeGenerator\Tests\NSL.Generators.SelectTypeGenerator.Tests\Program.cs","NSL.Generators.SelectTypeGenerator.Tests"
"E:\my\NSL\Generators\NSL.Generators.SelectTypeGenerator\Tests\NSL.Generators.SelectTypeGenerator.Tests\RecursiveModel1.cs","NSL.Generators.SelectTypeGenerator.Tests.Develop"
"E:\my\NSL\Generators\NSL.Generators.SelectTypeGenerator\Tests\NSL.Generators.SelectTypeGenerator.Tests\RegexProxyModel1.cs","NSL.Generators.SelectTypeGenerator.Tests.Develop"
"E:\my\NSL\Generators\NSL.Generators.SelectTypeGenerator\Tests\NSL.Generators.SelectTypeGenerator.Tests\RegexProxyModel2.cs","NSL.Generators.SelectTypeGenerator.Tests.Develop"
"E:\my\NSL\Generators\NSL.Generators.SelectTypeGenerator\Tests\NSL.Generators.SelectTypeGenerator.Tests\WithModelName1.cs","NSL.Generators.SelectTypeGenerator.Tests"
"E:\my\NSL\Generators\NSL.Generators.SelectTypeGenerator\Tests\NSL.Generators.SelectTypeGenerator.Tests\WithModelName2.cs","NSL.Generators.SelectTypeGenerator.Tests"
"E:\my\NSL\Generators\NSL.Generators.SelectTypeGenerator\Tests\NSL.Generators.SelectTypeGenerator.Tests\WithModelName3.cs","NSL.Generators.SelectTypeGenerator.Tests"
"E:\my\NSL\Generators\NSL.Generators.SelectTypeGenerator\Tests\NSL.Generators.SelectTypeGenerator.Tests\WithModelName4.cs","NSL.Generators.SelectTypeGenerator.Tests"
"E:\my\NSL\Generators\NSL.Generators.SelectTypeGenerator\Tests\NSL.Generators.SelectTypeGenerator.Tests\WithModelName5.cs","NSL.Generators.SelectTypeGenerator.Tests"
"E:\my\NSL\Generators\NSL.Generators.SelectTypeGenerator\Tests\NSL.Generators.SelectTypeGenerator.Tests\Develop\Typed_Dto_Model.cs","NSL.Generators.SelectTypeGenerator.Tests.Develop"
"E:\my\NSL\Generators\NSL.Generators.SelectTypeGenerator\Tests\NSL.Generators.SelectTypeGenerator.Tests\Proxy\ProxyModel1.cs","NSL.Generators.SelectTypeGenerator.Tests"
"E:\my\NSL\Generators\NSL.Generators.SelectTypeGenerator\Tests\NSL.Generators.SelectTypeGenerator.Tests\Proxy\ProxyModel2.cs","NSL.Generators.SelectTypeGenerator.Tests"
"E:\my\NSL\Generators\NSL.Generators.SelectTypeGenerator\Tests\NSL.Generators.SelectTypeGenerator.Tests\Proxy\ProxyModel3.cs","NSL.Generators.SelectTypeGenerator.Tests"
"E:\my\NSL\Generators\NSL.Generators.Utils\AttributeExtensions.cs","NSL.Generators.Utils"
"E:\my\NSL\Generators\NSL.Generators.Utils\CodeBuilder.cs","NSL.Generators.Utils"
"E:\my\NSL\Generators\NSL.Generators.Utils\GenDebug.cs","NSL.Generators.Utils"
"E:\my\NSL\Generators\NSL.Generators.Utils\HasherUtils.cs","NSL.Generators.Utils"
"E:\my\NSL\Generators\NSL.Generators.Utils\ReceiverAttributeExtensions.cs","NSL.Generators.Utils"
"E:\my\NSL\Generators\NSL.Generators.Utils\SummaryExtensions.cs","NSL.Generators.Utils"
"E:\my\NSL\Generators\NSL.Generators.Utils\SymbolExtensions.cs","NSL.Generators.Utils"
"E:\my\NSL\Generators\NSL.Generators.Utils\TypeExtensions.cs","NSL.Generators.Utils"
"E:\my\NSL\Generators\Refactoring\NSL.Refactoring.FastAction\NSL.Refactoring.FastAction.Core\ActionData.cs","NSL.Refactoring.FastAction.Core"
"E:\my\NSL\Generators\Refactoring\NSL.Refactoring.FastAction\NSL.Refactoring.FastAction.Core\AppendCodeTypeEnum.cs","NSL.Refactoring.FastAction.Core"
"E:\my\NSL\Generators\Refactoring\NSL.Refactoring.FastAction\NSL.Refactoring.FastAction.Core\CodeActionGrouper.cs","NSL.Refactoring.FastAction.Core"
"E:\my\NSL\Generators\Refactoring\NSL.Refactoring.FastAction\NSL.Refactoring.FastAction.Core\CompilationUnitExtensions.cs","NSL.Refactoring.FastAction.Core"
"E:\my\NSL\Generators\Refactoring\NSL.Refactoring.FastAction\NSL.Refactoring.FastAction.Core\ConditionData.cs","NSL.Refactoring.FastAction.Core"
"E:\my\NSL\Generators\Refactoring\NSL.Refactoring.FastAction\NSL.Refactoring.FastAction.Core\DictionaryHelper.cs","NSL.Refactoring.FastAction.Core"
"E:\my\NSL\Generators\Refactoring\NSL.Refactoring.FastAction\NSL.Refactoring.FastAction.Core\EditorExtensions.cs","NSL.Refactoring.FastAction.Core"
"E:\my\NSL\Generators\Refactoring\NSL.Refactoring.FastAction\NSL.Refactoring.FastAction.Core\ExecutionActionContext.cs","NSL.Refactoring.FastAction.Core"
"E:\my\NSL\Generators\Refactoring\NSL.Refactoring.FastAction\NSL.Refactoring.FastAction.Core\FastActionBuilder.cs","NSL.Refactoring.FastAction.Core"
"E:\my\NSL\Generators\Refactoring\NSL.Refactoring.FastAction\NSL.Refactoring.FastAction.Core\FastActionCacheData.cs","NSL.Refactoring.FastAction.Core"
"E:\my\NSL\Generators\Refactoring\NSL.Refactoring.FastAction\NSL.Refactoring.FastAction.Core\FastActionCodeFixProvider.cs","NSL.Refactoring.FastAction.Core"
"E:\my\NSL\Generators\Refactoring\NSL.Refactoring.FastAction\NSL.Refactoring.FastAction.Core\FastActionData.cs","NSL.Refactoring.FastAction.Core"
"E:\my\NSL\Generators\Refactoring\NSL.Refactoring.FastAction\NSL.Refactoring.FastAction.Core\GroupData.cs","NSL.Refactoring.FastAction.Core"
"E:\my\NSL\Generators\Refactoring\NSL.Refactoring.FastAction\NSL.Refactoring.FastAction.Core\JsonIncrementalMerger.cs","NSL.Refactoring.FastAction.Core"
"E:\my\NSL\Generators\Refactoring\NSL.Refactoring.FastAction\NSL.Refactoring.FastAction.Core\NodeExtensions.cs","NSL.Refactoring.FastAction.Core"
"E:\my\NSL\Generators\Refactoring\NSL.Refactoring.FastAction\NSL.Refactoring.FastAction.Core\PathHelper.cs","NSL.Refactoring.FastAction.Core"
"E:\my\NSL\Generators\Refactoring\NSL.Refactoring.FastAction\NSL.Refactoring.FastAction.Core\PreviewedCodeAction.cs","NSL.Refactoring.FastAction.Core"
"E:\my\NSL\Generators\Refactoring\NSL.Refactoring.FastAction\NSL.Refactoring.FastAction.Core\RefactoringAction.cs","NSL.Refactoring.FastAction.Core"
"E:\my\NSL\Generators\Refactoring\NSL.Refactoring.FastAction\NSL.Refactoring.FastAction.Core\TemplateData.cs","NSL.Refactoring.FastAction.Core"
"E:\my\NSL\Generators\Refactoring\NSL.Refactoring.FastAction\NSL.Refactoring.FastAction.Core\TemplateFileData.cs","NSL.Refactoring.FastAction.Core"
"E:\my\NSL\Generators\Refactoring\NSL.Refactoring.FastAction\NSL.Refactoring.FastAction.Core\TemplateOutputData.cs","NSL.Refactoring.FastAction.Core"
"E:\my\NSL\Generators\Refactoring\NSL.Refactoring.FastAction\NSL.Refactoring.FastAction.UI\RefactorUI.cs","NSL.Refactoring.FastAction.UI"
"E:\my\NSL\Generators\Refactoring\NSL.Refactoring.FastAction\NSL.Refactoring.FastAction.UI\TemplateInputFieldData.cs","NSL.Refactoring.FastAction.Core"
"E:\my\NSL\Generators\Refactoring\NSL.Refactoring.FastAction\NSL.Refactoring.FastAction.UI\Properties\Resources.Designer.cs","NSL.Refactoring.FastAction.UI.Properties"
"E:\my\NSL\Generators\Refactoring\NSL.Refactoring.FastAction\NSL.Refactoring.FastAction.UI\Properties\Settings.Designer.cs","NSL.Refactoring.FastAction.UI.Properties"
"E:\my\NSL\Generators\Refactoring\NSL.Refactoring.PartialImpl\NSL.Refactoring.PartialImpl.Core\PartialMethodCodeFixProvider.cs","NSL.Refactoring.PartialImpl.Core"
"E:\my\NSL\Generators\Refactoring\NSL.Refactoring.PropertyCompletion\NSL.Refactoring.PropertyCompletion\NSL.Refactoring.PropertyCompletion.Core\AddPropertyCompletionProvider.cs","NSL.Refactoring.PropertyCompletion.Core"
"E:\my\NSL\Generators\Refactoring\NSL.Refactoring.PropertyCompletion\NSL.Refactoring.PropertyCompletion\NSL.Refactoring.PropertyCompletion.Core\PropertyPrediction.cs","NSL.Refactoring.PropertyCompletion.Core"
"E:\my\NSL\Generators\Refactoring\NSL.Refactoring.PropertyCompletion\NSL.Refactoring.PropertyCompletion\NSL.Refactoring.PropertyCompletion.Core\PropertyTypeCollectorAnalyzer.cs","NSL.Refactoring.PropertyCompletion.Core"
"E:\my\NSL\Generators\Refactoring\NSL.Refactoring.PropertyCompletion\NSL.Refactoring.PropertyCompletion\NSL.Refactoring.PropertyCompletion.Core\Resources.Designer.cs","NSL.Refactoring.PropertyCompletion.Core"
"E:\my\NSL\Html\NSL.HTMLProcessor\DocumentNode.cs","NSL.HTMLProcessor"
"E:\my\NSL\Html\NSL.HTMLProcessor\HtmlAttribute.cs","NSL.HTMLProcessor"
"E:\my\NSL\Html\NSL.HTMLProcessor\HtmlBaseNode.cs","NSL.HTMLProcessor"
"E:\my\NSL\Html\NSL.HTMLProcessor\HtmlBaseNode.QuerySelector.cs","NSL.HTMLProcessor"
"E:\my\NSL\Html\NSL.HTMLProcessor\HtmlBrNode.cs","NSL.HTMLProcessor"
"E:\my\NSL\Html\NSL.HTMLProcessor\HtmlCommentNode.cs","NSL.HTMLProcessor"
"E:\my\NSL\Html\NSL.HTMLProcessor\HtmlDoctypeNode.cs","NSL.HTMLProcessor"
"E:\my\NSL\Html\NSL.HTMLProcessor\HtmlDocumentNode.cs","NSL.HTMLProcessor"
"E:\my\NSL\Html\NSL.HTMLProcessor\HtmlImgNode.cs","NSL.HTMLProcessor"
"E:\my\NSL\Html\NSL.HTMLProcessor\HtmlInputNode.cs","NSL.HTMLProcessor"
"E:\my\NSL\Html\NSL.HTMLProcessor\HtmlLinkNode.cs","NSL.HTMLProcessor"
"E:\my\NSL\Html\NSL.HTMLProcessor\HtmlMetaNode.cs","NSL.HTMLProcessor"
"E:\my\NSL\Html\NSL.HTMLProcessor\HtmlParser.cs","NSL.HTMLProcessor"
"E:\my\NSL\Html\NSL.HTMLProcessor\HtmlParserOptions.cs","NSL.HTMLProcessor"
"E:\my\NSL\Html\NSL.HTMLProcessor\HtmlScriptNode.cs","NSL.HTMLProcessor"
"E:\my\NSL\Html\NSL.HTMLProcessor\HtmlTextNode.cs","NSL.HTMLProcessor"
"E:\my\NSL\Html\NSL.HTMLProcessor\NodeRelativePosition.cs","NSL.HTMLProcessor"
"E:\my\NSL\Html\Tests\NSL.HTMLProcessor.Tests\AttributeAndPseudoSelectorsTests.cs","NSL.HTMLProcessor.Tests"
"E:\my\NSL\Html\Tests\NSL.HTMLProcessor.Tests\AttributeCombinationAndPositionValidationTests.cs","NSL.HTMLProcessor.Tests"
"E:\my\NSL\Html\Tests\NSL.HTMLProcessor.Tests\AttributeOperationsTests.cs","NSL.HTMLProcessor.Tests"
"E:\my\NSL\Html\Tests\NSL.HTMLProcessor.Tests\AttributePositionTests.cs","NSL.HTMLProcessor.Tests"
"E:\my\NSL\Html\Tests\NSL.HTMLProcessor.Tests\AttributeVariantsTests.cs","NSL.HTMLProcessor.Tests"
"E:\my\NSL\Html\Tests\NSL.HTMLProcessor.Tests\HtmlQuerySelectorTests.cs","NSL.HTMLProcessor.Tests"
"E:\my\NSL\Html\Tests\NSL.HTMLProcessor.Tests\NodeModificationPositionTests.cs","NSL.HTMLProcessor.Tests"
"E:\my\NSL\Html\Tests\NSL.HTMLProcessor.Tests\NodeSizeAndPositionTests.cs","NSL.HTMLProcessor.Tests"
"E:\my\NSL\Html\Tests\NSL.HTMLProcessor.Tests\PositionAgainstSourceTests.cs","NSL.HTMLProcessor.Tests"
"E:\my\NSL\Html\Tests\NSL.HTMLProcessor.Tests\SelectorCombinatorsAndTokenizerTests.cs","NSL.HTMLProcessor.Tests"
"E:\my\NSL\Html\Tests\NSL.HTMLProcessor.Tests\SelectorEngineAdditionalTests.cs","NSL.HTMLProcessor.Tests"
"E:\my\NSL\Protocols\Http\NSL.HttpClient\BaseHttpRequestOptions.cs","NSL.HttpClient"
"E:\my\NSL\Protocols\Http\NSL.HttpClient\HttpClientExtensions.cs","NSL.HttpClient"
"E:\my\NSL\Protocols\Http\NSL.HttpClient\HttpErrorResponseData.cs","NSL.HttpClient"
"E:\my\NSL\Protocols\Http\NSL.HttpClient\HttpRequestExtensions.cs","NSL.HttpClient"
"E:\my\NSL\Protocols\Http\NSL.HttpClient\HttpResponseErrorModel.cs","NSL.HttpClient"
"E:\my\NSL\Protocols\Http\NSL.HttpClient\IHttpIOProcessor.cs","NSL.HttpClient"
"E:\my\NSL\Protocols\Http\NSL.HttpClient\RequestOptionsExtensions.cs","NSL.HttpClient"
"E:\my\NSL\Protocols\Http\NSL.HttpClient\Converters\JsonLocalUtcDateTimeConverter.cs","NSL.HttpClient.Converters"
"E:\my\NSL\Protocols\Http\NSL.HttpClient\HttpContent\EmptyHttpContent.cs","NSL.HttpClient.HttpContent"
"E:\my\NSL\Protocols\Http\NSL.HttpClient\HttpContent\FormHttpContent.cs","NSL.HttpClient.HttpContent"
"E:\my\NSL\Protocols\Http\NSL.HttpClient\HttpContent\JsonHttpContent.cs","NSL.HttpClient.HttpContent"
"E:\my\NSL\Protocols\Http\NSL.HttpClient\HttpContent\StreamHttpContent.cs","NSL.HttpClient.HttpContent"
"E:\my\NSL\Protocols\Http\NSL.HttpClient\Models\BaseHttpResponse.cs","NSL.HttpClient.Models"
"E:\my\NSL\Protocols\Http\NSL.HttpClient\Models\BaseResponse.cs","NSL.HttpClient.Models"
"E:\my\NSL\Protocols\Http\NSL.HttpClient\Models\DataListResponse.cs","NSL.HttpClient.Models"
"E:\my\NSL\Protocols\Http\NSL.HttpClient\Models\DataResponse.cs","NSL.HttpClient.Models"
"E:\my\NSL\Protocols\Http\NSL.HttpClient\Models\HttpDataListResponse.cs","NSL.HttpClient.Models"
"E:\my\NSL\Protocols\Http\NSL.HttpClient\Models\HttpDataResponse.cs","NSL.HttpClient.Models"
"E:\my\NSL\Protocols\Http\NSL.HttpClient\Models\IdResponse.cs","NSL.HttpClient.Models"
"E:\my\NSL\Protocols\Http\NSL.HttpClient\Validators\IHttpResponseContentValidator.cs","NSL.HttpClient.Validators"
"E:\my\NSL\Protocols\Http\NSL.RestExtensions\BaseHttpClientPool.cs","NSL.RestExtensions"
"E:\my\NSL\Protocols\Http\NSL.RestExtensions\BaseHttpRequestResult.cs","NSL.RestExtensions"
"E:\my\NSL\Protocols\Http\NSL.RestExtensions\BaseWebRequests.cs","NSL.RestExtensions"
"E:\my\NSL\Protocols\Http\NSL.RestExtensions\HttpClientPool.cs","NSL.RestExtensions"
"E:\my\NSL\Protocols\Http\NSL.RestExtensions\HttpExtensions.cs","NSL.RestExtensions"
"E:\my\NSL\Protocols\Http\NSL.RestExtensions\WebRequestRepository.cs","NSL.RestExtensions"
"E:\my\NSL\Protocols\Http\NSL.RestExtensions\RESTContentProcessors\DefaultRestContentProcessor.cs","NSL.RestExtensions.RESTContentProcessors"
"E:\my\NSL\Protocols\Http\NSL.RestExtensions\RESTContentProcessors\IRestContentProcessor.cs","NSL.RestExtensions.RESTContentProcessors"
"E:\my\NSL\Protocols\Http\NSL.RestExtensions\RESTContentProcessors\JsonSerializeRestContentProcessor.cs","NSL.RestExtensions.RESTContentProcessors"
"E:\my\NSL\Protocols\Http\NSL.RestExtensions\RESTContentProcessors\TypeMapRestContentProcessor.cs","NSL.RestExtensions.RESTContentProcessors"
"E:\my\NSL\Protocols\Http\NSL.RestExtensions.Unity\UnityHttpClient.cs","NSL.RestExtensions.Unity"
"E:\my\NSL\Protocols\Http\NSL.RestExtensions.Unity\UnityHttpClientPool.cs","NSL.RestExtensions.Unity"
"E:\my\NSL\Protocols\Http\NSL.RestExtensions.Unity\UnityWebRequestRepository.cs","NSL.RestExtensions.Unity"
"E:\my\NSL\Protocols\LocalBridge\BuilderExtensions\NSL.BuilderExtensions.LocalBridge\Extensions.cs","NSL.BuilderExtensions.LocalBridge"
"E:\my\NSL\Protocols\LocalBridge\Examples\NSL.Builder.LocalBridge.BaseExample\Program.cs","NSL.Builder.LocalBridge.BaseExample"
"E:\my\NSL\Protocols\LocalBridge\Examples\NSL.LocalBridge.BaseExample\Program.cs","NSL.LocalBridge.BaseExample"
"E:\my\NSL\Protocols\LocalBridge\Examples\NSL.LocalBridge.Example.Shared\TCPExampleClient.cs","NSL.LocalBridge.Example.Shared"
"E:\my\NSL\Protocols\LocalBridge\Examples\NSL.LocalBridge.Example.Shared\TCPExampleServer.cs","NSL.LocalBridge.Example.Shared"
"E:\my\NSL\Protocols\LocalBridge\Examples\NSL.LocalBridge.Example.Shared\TestOptions.cs","NSL.LocalBridge.Example.Shared"
"E:\my\NSL\Protocols\LocalBridge\NSL.LocalBridge\LocalBridgeClient.cs","NSL.LocalBridge"
"E:\my\NSL\Protocols\TCP\BuilderExtensions\NSL.BuilderExtensions.TCPClient\TCPClientEndPointBuilder.cs","NSL.BuilderExtensions.TCPClient"
"E:\my\NSL\Protocols\TCP\BuilderExtensions\NSL.BuilderExtensions.TCPServer\TCPServerEndPointBuilder.cs","NSL.BuilderExtensions.TCPServer"
"E:\my\NSL\Protocols\TCP\Examples\NSL.Builder.TCP.BaseExample\Program.cs","NSL.Builder.TCP.BaseExample"
"E:\my\NSL\Protocols\TCP\Examples\NSL.Builder.TCP.BaseExample\Client\ClientTestPacket1.cs","NSL.Builder.TCP.BaseExample.Client"
"E:\my\NSL\Protocols\TCP\Examples\NSL.Builder.TCP.BaseExample\Client\ClientTestPacket2.cs","NSL.Builder.TCP.BaseExample.Client"
"E:\my\NSL\Protocols\TCP\Examples\NSL.Builder.TCP.BaseExample\Client\PacketTestLoadAttribute.cs","NSL.Builder.TCP.BaseExample.Client"
"E:\my\NSL\Protocols\TCP\Examples\NSL.Builder.TCP.BaseExample\Client\TCPNetworkClient.cs","NSL.Builder.TCP.BaseExample.Client"
"E:\my\NSL\Protocols\TCP\Examples\NSL.Builder.TCP.BaseExample\Client\TestTcpClient.cs","NSL.Builder.TCP.BaseExample.Client"
"E:\my\NSL\Protocols\TCP\Examples\NSL.Builder.TCP.BaseExample\Server\ServerTestPacket1.cs","NSL.Builder.TCP.BaseExample.Server"
"E:\my\NSL\Protocols\TCP\Examples\NSL.Builder.TCP.BaseExample\Server\TCPServerNetworkClient.cs","NSL.Builder.TCP.BaseExample.Server"
"E:\my\NSL\Protocols\TCP\Examples\NSL.Builder.TCP.BaseExample\Server\TestTcpServer.cs","NSL.Builder.TCP.BaseExample.Server"
"E:\my\NSL\Protocols\TCP\Examples\NSL.TCP.BaseClientExample\NetworkClient.cs","NSL.TCP.BaseClientExample"
"E:\my\NSL\Protocols\TCP\Examples\NSL.TCP.BaseServerExample\ServerNetworkClient.cs","NSL.TCP.BaseServerExample"
"E:\my\NSL\Protocols\TCP\NSL.TCP\BaseTcpClient.cs","NSL.TCP"
"E:\my\NSL\Protocols\TCP\NSL.TCP.Client\TCPClient.cs","NSL.TCP.Client"
"E:\my\NSL\Protocols\TCP\NSL.TCP.Client\TCPNetworkClient.cs","NSL.TCP.Client"
"E:\my\NSL\Protocols\TCP\NSL.TCP.Server\TCPServerClient.cs","NSL.TCP.Server"
"E:\my\NSL\Protocols\TCP\NSL.TCP.Server\TCPServerListener.cs","NSL.TCP.Server"
"E:\my\NSL\Protocols\UDP\BuilderExtensions\NSL.BuilderExtensions.UDPClient\UDPClientEndPointBuilder.cs","NSL.BuilderExtensions.UDPClient"
"E:\my\NSL\Protocols\UDP\BuilderExtensions\NSL.BuilderExtensions.UDPServer\UDPServerEndPointBuilder.cs","NSL.BuilderExtensions.UDPServer"
"E:\my\NSL\Protocols\UDP\Examples\NSL.Builder.UDP.BaseExample\Program.cs","NSL.Builder.UDP.BaseExample"
"E:\my\NSL\Protocols\UDP\Examples\NSL.Builder.UDP.BaseExample\Client\ClientTestPacket1.cs","NSL.Builder.UDP.BaseExample.Client"
"E:\my\NSL\Protocols\UDP\Examples\NSL.Builder.UDP.BaseExample\Client\ClientTestPacket2.cs","NSL.Builder.UDP.BaseExample.Client"
"E:\my\NSL\Protocols\UDP\Examples\NSL.Builder.UDP.BaseExample\Client\PacketTestLoadAttribute.cs","NSL.Builder.UDP.BaseExample.Client"
"E:\my\NSL\Protocols\UDP\Examples\NSL.Builder.UDP.BaseExample\Client\TestUDPClient.cs","NSL.Builder.UDP.BaseExample.Client"
"E:\my\NSL\Protocols\UDP\Examples\NSL.Builder.UDP.BaseExample\Client\UDPTestNetworkClient.cs","NSL.Builder.UDP.BaseExample.Client"
"E:\my\NSL\Protocols\UDP\Examples\NSL.Builder.UDP.BaseExample\Server\ServerTestPacket1.cs","NSL.Builder.UDP.BaseExample.Server"
"E:\my\NSL\Protocols\UDP\Examples\NSL.Builder.UDP.BaseExample\Server\TestUDPServer.cs","NSL.Builder.UDP.BaseExample.Server"
"E:\my\NSL\Protocols\UDP\Examples\NSL.Builder.UDP.BaseExample\Server\UDPServerNetworkClient.cs","NSL.Builder.UDP.BaseExample.Server"
"E:\my\NSL\Protocols\UDP\Examples\NSL.UDPExample\Example.cs","NSL.UDPExample"
"E:\my\NSL\Protocols\UDP\Examples\NSL.UDPExample\NetworkClient.cs","NSL.UDPExample"
"E:\my\NSL\Protocols\UDP\Examples\NSL.UDPExample\ReceiverExample.cs","NSL.UDPExample"
"E:\my\NSL\Protocols\UDP\Examples\NSL.UDPExample\SenderExample.cs","NSL.UDPExample"
"E:\my\NSL\Protocols\UDP\Examples\NSL.UDPExample\TestPacket.cs","NSL.UDPExample"
"E:\my\NSL\Protocols\UDP\Examples\NSL.UDPExample\TestPacketS.cs","NSL.UDPExample"
"E:\my\NSL\Protocols\UDP\NSL.UDP\BaseUdpClient.cs","NSL.UDP"
"E:\my\NSL\Protocols\UDP\NSL.UDP\DgramInputPacketBuffer.cs","NSL.UDP"
"E:\my\NSL\Protocols\UDP\NSL.UDP\DgramOutputPacketBuffer.cs","NSL.UDP"
"E:\my\NSL\Protocols\UDP\NSL.UDP\DgramRequestPacketBuffer.cs","NSL.UDP"
"E:\my\NSL\Protocols\UDP\NSL.UDP\UDPOptions.cs","NSL.UDP"
"E:\my\NSL\Protocols\UDP\NSL.UDP\UdpRequestProcessor.cs","NSL.UDP"
"E:\my\NSL\Protocols\UDP\NSL.UDP\Channels\BaseChannel.cs","NSL.UDP.Channels"
"E:\my\NSL\Protocols\UDP\NSL.UDP\Channels\OrderedChannel.cs","NSL.UDP.Channels"
"E:\my\NSL\Protocols\UDP\NSL.UDP\Channels\ReliableChannel.cs","NSL.UDP.Channels"
"E:\my\NSL\Protocols\UDP\NSL.UDP\Channels\UnorderedChannel.cs","NSL.UDP.Channels"
"E:\my\NSL\Protocols\UDP\NSL.UDP\Channels\UnreliableChannel.cs","NSL.UDP.Channels"
"E:\my\NSL\Protocols\UDP\NSL.UDP\Enums\DgramHeadTypeEnum.cs","NSL.UDP.Enums"
"E:\my\NSL\Protocols\UDP\NSL.UDP\Info\StunExceptionInfo.cs","NSL.UDP.Info"
"E:\my\NSL\Protocols\UDP\NSL.UDP\Info\StunServerInfo.cs","NSL.UDP.Info"
"E:\my\NSL\Protocols\UDP\NSL.UDP\Interface\IBindingUDPOptions.cs","NSL.UDP.Interface"
"E:\my\NSL\Protocols\UDP\NSL.UDP\Interface\ISTUNOptions.cs","NSL.UDP.Interface"
"E:\my\NSL\Protocols\UDP\NSL.UDP\Interface\IUDPClient.cs","NSL.UDP.Interface"
"E:\my\NSL\Protocols\UDP\NSL.UDP\Interface\IUDPOptions.cs","NSL.UDP.Interface"
"E:\my\NSL\Protocols\UDP\NSL.UDP\Packet\ACKPacket.cs","NSL.UDP.Packet"
"E:\my\NSL\Protocols\UDP\NSL.UDP\Packet\DataPacket.cs","NSL.UDP.Packet"
"E:\my\NSL\Protocols\UDP\NSL.UDP\Packet\LPacket.cs","NSL.UDP.Packet"
"E:\my\NSL\Protocols\UDP\NSL.UDP\Packet\UDPPacket.cs","NSL.UDP.Packet"
"E:\my\NSL\Protocols\UDP\NSL.UDP\Packet\UDPPingPacket.cs","NSL.UDP.Packet"
"E:\my\NSL\Protocols\UDP\NSL.UDP\Utils\SyncNetworkClientTimer.cs","NSL.UDP.Utils"
"E:\my\NSL\Protocols\UDP\NSL.UDP.Client\UDPClient.cs","NSL.UDP.Client"
"E:\my\NSL\Protocols\UDP\NSL.UDP.Client\UDPListener.cs","NSL.UDP.Client"
"E:\my\NSL\Protocols\UDP\NSL.UDP.Client\UDPNetworkClient.cs","NSL.UDP.Client"
"E:\my\NSL\Protocols\UDP\NSL.UDP.Client\UDPServer.cs","NSL.UDP.Client"
"E:\my\NSL\Protocols\UDP\Open.NAT\NSL.Open.Nat\Finalizer.cs","NSL.Open.Nat"
"E:\my\NSL\Protocols\UDP\Open.NAT\NSL.Open.Nat\Mapping.cs","NSL.Open.Nat"
"E:\my\NSL\Protocols\UDP\Open.NAT\NSL.Open.Nat\NatDevice.cs","NSL.Open.Nat"
"E:\my\NSL\Protocols\UDP\Open.NAT\NSL.Open.Nat\NatDiscoverer.cs","NSL.Open.Nat"
"E:\my\NSL\Protocols\UDP\Open.NAT\NSL.Open.Nat\PortMapper.cs","NSL.Open.Nat"
"E:\my\NSL\Protocols\UDP\Open.NAT\NSL.Open.Nat\Discovery\ISearcher.cs","NSL.Open.Nat.Discovery"
"E:\my\NSL\Protocols\UDP\Open.NAT\NSL.Open.Nat\Discovery\Searcher.cs","NSL.Open.Nat.Discovery"
"E:\my\NSL\Protocols\UDP\Open.NAT\NSL.Open.Nat\Enums\ProtocolType.cs","NSL.Open.Nat.Enums"
"E:\my\NSL\Protocols\UDP\Open.NAT\NSL.Open.Nat\EventArgs\DeviceEventArgs.cs","NSL.Open.Nat.EventArgs"
"E:\my\NSL\Protocols\UDP\Open.NAT\NSL.Open.Nat\Exceptions\MappingException.cs","NSL.Open.Nat.Exceptions"
"E:\my\NSL\Protocols\UDP\Open.NAT\NSL.Open.Nat\Exceptions\NatDeviceNotFoundException.cs","NSL.Open.Nat.Exceptions"
"E:\my\NSL\Protocols\UDP\Open.NAT\NSL.Open.Nat\Pmp\PmpConstants.cs","NSL.Open.Nat.Pmp"
"E:\my\NSL\Protocols\UDP\Open.NAT\NSL.Open.Nat\Pmp\PmpNatDevice.cs","NSL.Open.Nat.Pmp"
"E:\my\NSL\Protocols\UDP\Open.NAT\NSL.Open.Nat\Pmp\PmpSearcher.cs","NSL.Open.Nat.Pmp"
"E:\my\NSL\Protocols\UDP\Open.NAT\NSL.Open.Nat\Upnp\DiscoveryResponseMessage.cs","NSL.Open.Nat.Upnp"
"E:\my\NSL\Protocols\UDP\Open.NAT\NSL.Open.Nat\Upnp\RequestMessageBase.cs","NSL.Open.Nat.Upnp"
"E:\my\NSL\Protocols\UDP\Open.NAT\NSL.Open.Nat\Upnp\ResponseMessageBase.cs","NSL.Open.Nat.Upnp"
"E:\my\NSL\Protocols\UDP\Open.NAT\NSL.Open.Nat\Upnp\SoapClient.cs","NSL.Open.Nat.Upnp"
"E:\my\NSL\Protocols\UDP\Open.NAT\NSL.Open.Nat\Upnp\UpnpConstants.cs","NSL.Open.Nat.Upnp"
"E:\my\NSL\Protocols\UDP\Open.NAT\NSL.Open.Nat\Upnp\UpnpNatDevice.cs","NSL.Open.Nat.Upnp"
"E:\my\NSL\Protocols\UDP\Open.NAT\NSL.Open.Nat\Upnp\UpnpNatDeviceInfo.cs","NSL.Open.Nat.Upnp"
"E:\my\NSL\Protocols\UDP\Open.NAT\NSL.Open.Nat\Upnp\UpnpSearcher.cs","NSL.Open.Nat.Upnp"
"E:\my\NSL\Protocols\UDP\Open.NAT\NSL.Open.Nat\Upnp\Messages\DiscoverDeviceMessage.cs","NSL.Open.Nat.Upnp.Messages"
"E:\my\NSL\Protocols\UDP\Open.NAT\NSL.Open.Nat\Upnp\Messages\Requests\CreatePortMappingMessage.cs","NSL.Open.Nat.Upnp.Messages.Requests"
"E:\my\NSL\Protocols\UDP\Open.NAT\NSL.Open.Nat\Upnp\Messages\Requests\DeletePortMappingMessage.cs","NSL.Open.Nat.Upnp.Messages.Requests"
"E:\my\NSL\Protocols\UDP\Open.NAT\NSL.Open.Nat\Upnp\Messages\Requests\GetExternalIPAddressMessage.cs","NSL.Open.Nat.Upnp.Messages.Requests"
"E:\my\NSL\Protocols\UDP\Open.NAT\NSL.Open.Nat\Upnp\Messages\Requests\GetGenericPortMappingEntry.cs","NSL.Open.Nat.Upnp.Messages.Requests"
"E:\my\NSL\Protocols\UDP\Open.NAT\NSL.Open.Nat\Upnp\Messages\Requests\GetSpecificPortMappingEntryMessage.cs","NSL.Open.Nat.Upnp.Messages.Requests"
"E:\my\NSL\Protocols\UDP\Open.NAT\NSL.Open.Nat\Upnp\Messages\Responses\AddPortMappingResponseMessage.cs","Open.Nat"
"E:\my\NSL\Protocols\UDP\Open.NAT\NSL.Open.Nat\Upnp\Messages\Responses\DeletePortMappingResponseMessage.cs","Open.Nat"
"E:\my\NSL\Protocols\UDP\Open.NAT\NSL.Open.Nat\Upnp\Messages\Responses\GetExternalIPAddressResponseMessage.cs","NSL.Open.Nat.Upnp.Messages.Responses"
"E:\my\NSL\Protocols\UDP\Open.NAT\NSL.Open.Nat\Upnp\Messages\Responses\GetGenericPortMappingEntryResponseMessage.cs","NSL.Open.Nat.Upnp.Messages.Responses"
"E:\my\NSL\Protocols\UDP\Open.NAT\NSL.Open.Nat\Utils\Extensions.cs","NSL.Open.Nat.Utils"
"E:\my\NSL\Protocols\UDP\Open.NAT\NSL.Open.Nat\Utils\Guard.cs","NSL.Open.Nat.Utils"
"E:\my\NSL\Protocols\UDP\Open.NAT\NSL.Open.Nat\Utils\IIPAddressesProvider.cs","NSL.Open.Nat.Utils"
"E:\my\NSL\Protocols\UDP\Open.NAT\NSL.Open.Nat\Utils\IPAddressesProvider.cs","NSL.Open.Nat.Utils"
"E:\my\NSL\Protocols\UDP\Open.NAT\NSL.Open.Nat\Utils\WellKnownConstants.cs","NSL.Open.Nat.Utils"
"E:\my\NSL\Protocols\WebSockets\BuilderExtensions\NSL.BuilderExtensions.WebSocketsClient\WebSocketsClientEndPointBuilder.cs","NSL.BuilderExtensions.WebSocketsClient"
"E:\my\NSL\Protocols\WebSockets\BuilderExtensions\NSL.BuilderExtensions.WebSocketsClient.Blazor\WebSocketsClientBuilderExtensions.cs","NSL.BuilderExtensions.WebSocketsClient.Blazor"
"E:\my\NSL\Protocols\WebSockets\BuilderExtensions\NSL.BuilderExtensions.WebSocketsClient.Unity\WebSocketsClientBuilderExtensions.cs","NSL.BuilderExtensions.WebSocketsClient.Unity"
"E:\my\NSL\Protocols\WebSockets\BuilderExtensions\NSL.BuilderExtensions.WebSocketsServer\WebSocketsServerEndPointBuilder.cs","NSL.BuilderExtensions.WebSocketsServer"
"E:\my\NSL\Protocols\WebSockets\Examples\NSL.Builder.WebSockets.BaseExample\Program.cs","NSL.Builder.WebSockets.BaseExample"
"E:\my\NSL\Protocols\WebSockets\Examples\NSL.Builder.WebSockets.BaseExample\Client\ClientTestPacket1.cs","NSL.Builder.WebSockets.BaseExample.Client"
"E:\my\NSL\Protocols\WebSockets\Examples\NSL.Builder.WebSockets.BaseExample\Client\ClientTestPacket2.cs","NSL.Builder.WebSockets.BaseExample.Client"
"E:\my\NSL\Protocols\WebSockets\Examples\NSL.Builder.WebSockets.BaseExample\Client\PacketTestLoadAttribute.cs","NSL.Builder.WebSockets.BaseExample.Client"
"E:\my\NSL\Protocols\WebSockets\Examples\NSL.Builder.WebSockets.BaseExample\Client\TestWebSocketsClient.cs","NSL.Builder.WebSockets.BaseExample.Client"
"E:\my\NSL\Protocols\WebSockets\Examples\NSL.Builder.WebSockets.BaseExample\Client\WebSocketsNetworkClient.cs","NSL.Builder.WebSockets.BaseExample.Client"
"E:\my\NSL\Protocols\WebSockets\Examples\NSL.Builder.WebSockets.BaseExample\Server\ServerTestPacket1.cs","NSL.Builder.WebSockets.BaseExample.Server"
"E:\my\NSL\Protocols\WebSockets\Examples\NSL.Builder.WebSockets.BaseExample\Server\TestWebSocketsServer.cs","NSL.Builder.WebSockets.BaseExample.Server"
"E:\my\NSL\Protocols\WebSockets\Examples\NSL.Builder.WebSockets.BaseExample\Server\WebSocketsServerNetworkClient.cs","NSL.Builder.WebSockets.BaseExample.Server"
"E:\my\NSL\Protocols\WebSockets\NSL.WebSockets\BaseWSClient.cs","NSL.WebSockets"
"E:\my\NSL\Protocols\WebSockets\NSL.WebSockets\WebSocketClosedException.cs","NSL.WebSockets"
"E:\my\NSL\Protocols\WebSockets\NSL.WebSockets.Client\WSClient.cs","NSL.WebSockets.Client"
"E:\my\NSL\Protocols\WebSockets\NSL.WebSockets.Client\WSClientOptions.cs","NSL.WebSockets.Client"
"E:\my\NSL\Protocols\WebSockets\NSL.WebSockets.Client\WSNetworkClient.cs","NSL.WebSockets.Client"
"E:\my\NSL\Protocols\WebSockets\NSL.WebSockets.Client.Blazor\BlazorWSNetworkClient.cs","NSL.WebSockets.Client.Blazor"
"E:\my\NSL\Protocols\WebSockets\NSL.WebSockets.Server\WSServerClient.cs","NSL.WebSockets.Server"
"E:\my\NSL\Protocols\WebSockets\NSL.WebSockets.Server\WSServerListener.cs","NSL.WebSockets.Server"
"E:\my\NSL\Protocols\WebSockets\NSL.WebSockets.Server\WSServerOptions.cs","NSL.WebSockets.Server"
"E:\my\NSL\Protocols\WebSockets\NSL.WebSockets.UnityClient\SimpleWebJSLib.cs","NSL.WebSockets.UnityClient"
"E:\my\NSL\Protocols\WebSockets\NSL.WebSockets.UnityClient\WGLWebSocket.cs","NSL.WebSockets.UnityClient"
"E:\my\NSL\Protocols\WebSockets\NSL.WebSockets.UnityClient\WGLWSNetworkClient.cs","NSL.WebSockets.UnityClient"
"E:\my\NSL\Snapshotter\NSL.Snapshotter\BaseSnapshotter.cs","NSL.Snapshotter"
"E:\my\NSL\Snapshotter\NSL.Snapshotter\CanonicalJson.cs","NSL.Snapshotter"
"E:\my\NSL\Snapshotter\NSL.Snapshotter\CurrentMeta.cs","NSL.Snapshotter"
"E:\my\NSL\Snapshotter\NSL.Snapshotter\HashUtil.cs","NSL.Snapshotter"
"E:\my\NSL\Snapshotter\NSL.Snapshotter\ISnapshotter.cs","NSL.Snapshotter"
"E:\my\NSL\Snapshotter\NSL.Snapshotter\ISnapshotterRegistry.cs","NSL.Snapshotter"
"E:\my\NSL\Snapshotter\NSL.Snapshotter\SnapshotDocument.cs","NSL.Snapshotter"
"E:\my\NSL\Snapshotter\NSL.Snapshotter\SnapshotItem.cs","NSL.Snapshotter"
"E:\my\NSL\Snapshotter\NSL.Snapshotter\SnapshotItemJsonConverter.cs","NSL.Snapshotter"
"E:\my\NSL\Snapshotter\NSL.Snapshotter\SnapshotItemTypeRegistry.cs","NSL.Snapshotter"
"E:\my\NSL\Snapshotter\NSL.Snapshotter\SnapshotKindAttribute.cs","NSL.Snapshotter"
"E:\my\NSL\Snapshotter\NSL.Snapshotter\SnapshotMemberAttribute.cs","NSL.Snapshotter"
"E:\my\NSL\Snapshotter\NSL.Snapshotter\SnapshotterRegistry.cs","NSL.Snapshotter"
"E:\my\NSL\Snapshotter\NSL.Snapshotter\SnapshotTypeAttribute.cs","NSL.Snapshotter"
"E:\my\NSL\Snapshotter\NSL.Snapshotter\TypeNameFormatter.cs","NSL.Snapshotter"
"E:\my\NSL\Snapshotter\NSL.Snapshotter\Entity\BaseEntitiesSnapshotter.cs","NSL.Snapshotter.Entity"
"E:\my\NSL\Snapshotter\NSL.Snapshotter\Entity\EntitiesSnapshotter.cs","NSL.Snapshotter.Entity"
"E:\my\NSL\Snapshotter\NSL.Snapshotter\Entity\EntityMemberSnapshot.cs","NSL.Snapshotter.Entity"
"E:\my\NSL\Snapshotter\NSL.Snapshotter\Entity\EntitySnapshotItem.cs","NSL.Snapshotter.Entity"
"E:\my\NSL\Snapshotter\NSL.Snapshotter\Enum\BaseEnumsSnapshotter.cs","NSL.Snapshotter.Enum"
"E:\my\NSL\Snapshotter\NSL.Snapshotter\Enum\EnumSnapshotItem.cs","NSL.Snapshotter.Enum"
"E:\my\NSL\Snapshotter\NSL.Snapshotter\Enum\EnumsSnapshotter.cs","NSL.Snapshotter.Enum"
"E:\my\NSL\Snapshotter\NSL.Snapshotter\Enum\EnumValueSnapshot.cs","NSL.Snapshotter.Enum"
"E:\my\NSL\Snapshotter\NSL.Snapshotter\Enum\SnapshotEnumAttribute.cs","NSL.Snapshotter.Enum"
"E:\my\NSL\Templates\NSL.Template.Projects\content\nsl.blazortemplate\NSL.BlazorTemplate\NSL.BlazorTemplate\Program.cs","NSL.BlazorTemplate"
"E:\my\NSL\Templates\NSL.Template.Projects\content\nsl.blazortemplate\NSL.BlazorTemplate\NSL.BlazorTemplate\Program.Database.cs","NSL.BlazorTemplate"
"E:\my\NSL\Templates\NSL.Template.Projects\content\nsl.blazortemplate\NSL.BlazorTemplate\NSL.BlazorTemplate\Program.Identity.cs","NSL.BlazorTemplate"
"E:\my\NSL\Templates\NSL.Template.Projects\content\nsl.blazortemplate\NSL.BlazorTemplate\NSL.BlazorTemplate\Controllers\IdentityController.cs","NSL.BlazorTemplate.Controllers"
"E:\my\NSL\Templates\NSL.Template.Projects\content\nsl.blazortemplate\NSL.BlazorTemplate\NSL.BlazorTemplate\Controllers\UserController.cs","NSL.BlazorTemplate.Controllers"
"E:\my\NSL\Templates\NSL.Template.Projects\content\nsl.blazortemplate\NSL.BlazorTemplate\NSL.BlazorTemplate.Client\Program.cs","NSL.BlazorTemplate.Client"
"E:\my\NSL\Templates\NSL.Template.Projects\content\nsl.blazortemplate\NSL.BlazorTemplate\NSL.BlazorTemplate.Client\Pages\Account\Pages\ConfirmEmail.razor.cs","NSL.BlazorTemplate.Client.Pages.Account.Pages"
"E:\my\NSL\Templates\NSL.Template.Projects\content\nsl.blazortemplate\NSL.BlazorTemplate\NSL.BlazorTemplate.Client\Pages\Account\Pages\ConfirmEmailChange.razor.cs","NSL.BlazorTemplate.Client.Pages.Account.Pages"
"E:\my\NSL\Templates\NSL.Template.Projects\content\nsl.blazortemplate\NSL.BlazorTemplate\NSL.BlazorTemplate.Client\Pages\Account\Pages\ExternalLogin.razor.cs","NSL.BlazorTemplate.Client.Pages.Account.Pages"
"E:\my\NSL\Templates\NSL.Template.Projects\content\nsl.blazortemplate\NSL.BlazorTemplate\NSL.BlazorTemplate.Client\Pages\Account\Pages\ForgotPassword.razor.cs","NSL.BlazorTemplate.Client.Pages.Account.Pages"
"E:\my\NSL\Templates\NSL.Template.Projects\content\nsl.blazortemplate\NSL.BlazorTemplate\NSL.BlazorTemplate.Client\Pages\Account\Pages\Login.razor.cs","NSL.BlazorTemplate.Client.Pages.Account.Pages"
"E:\my\NSL\Templates\NSL.Template.Projects\content\nsl.blazortemplate\NSL.BlazorTemplate\NSL.BlazorTemplate.Client\Pages\Account\Pages\LoginWith2fa.razor.cs","NSL.BlazorTemplate.Client.Pages.Account.Pages"
"E:\my\NSL\Templates\NSL.Template.Projects\content\nsl.blazortemplate\NSL.BlazorTemplate\NSL.BlazorTemplate.Client\Pages\Account\Pages\LoginWithRecoveryCode.razor.cs","NSL.BlazorTemplate.Client.Pages.Account.Pages"
"E:\my\NSL\Templates\NSL.Template.Projects\content\nsl.blazortemplate\NSL.BlazorTemplate\NSL.BlazorTemplate.Client\Pages\Account\Pages\Register.razor.cs","NSL.BlazorTemplate.Client.Pages.Account.Pages"
"E:\my\NSL\Templates\NSL.Template.Projects\content\nsl.blazortemplate\NSL.BlazorTemplate\NSL.BlazorTemplate.Client\Pages\Account\Pages\RegisterConfirmation.razor.cs","NSL.BlazorTemplate.Client.Pages.Account.Pages"
"E:\my\NSL\Templates\NSL.Template.Projects\content\nsl.blazortemplate\NSL.BlazorTemplate\NSL.BlazorTemplate.Client\Pages\Account\Pages\ResendEmailConfirmation.razor.cs","NSL.BlazorTemplate.Client.Pages.Account.Pages"
"E:\my\NSL\Templates\NSL.Template.Projects\content\nsl.blazortemplate\NSL.BlazorTemplate\NSL.BlazorTemplate.Client\Pages\Account\Pages\ResetPassword.razor.cs","NSL.BlazorTemplate.Client.Pages.Account.Pages"
"E:\my\NSL\Templates\NSL.Template.Projects\content\nsl.blazortemplate\NSL.BlazorTemplate\NSL.BlazorTemplate.Client\Pages\Account\Pages\Manage\ChangePassword.razor.cs","NSL.BlazorTemplate.Client.Pages.Account.Pages.Manage"
"E:\my\NSL\Templates\NSL.Template.Projects\content\nsl.blazortemplate\NSL.BlazorTemplate\NSL.BlazorTemplate.Client\Pages\Account\Pages\Manage\DeletePersonalData.razor.cs","NSL.BlazorTemplate.Client.Pages.Account.Pages.Manage"
"E:\my\NSL\Templates\NSL.Template.Projects\content\nsl.blazortemplate\NSL.BlazorTemplate\NSL.BlazorTemplate.Client\Pages\Account\Pages\Manage\Disable2fa.razor.cs","NSL.BlazorTemplate.Client.Pages.Account.Pages.Manage"
"E:\my\NSL\Templates\NSL.Template.Projects\content\nsl.blazortemplate\NSL.BlazorTemplate\NSL.BlazorTemplate.Client\Pages\Account\Pages\Manage\Email.razor.cs","NSL.BlazorTemplate.Client.Pages.Account.Pages.Manage"
"E:\my\NSL\Templates\NSL.Template.Projects\content\nsl.blazortemplate\NSL.BlazorTemplate\NSL.BlazorTemplate.Client\Pages\Account\Pages\Manage\EnableAuthenticator.razor.cs","NSL.BlazorTemplate.Client.Pages.Account.Pages.Manage"
"E:\my\NSL\Templates\NSL.Template.Projects\content\nsl.blazortemplate\NSL.BlazorTemplate\NSL.BlazorTemplate.Client\Pages\Account\Pages\Manage\ExternalLogins.razor.cs","NSL.BlazorTemplate.Client.Pages.Account.Pages.Manage"
"E:\my\NSL\Templates\NSL.Template.Projects\content\nsl.blazortemplate\NSL.BlazorTemplate\NSL.BlazorTemplate.Client\Pages\Account\Pages\Manage\GenerateRecoveryCodes.razor.cs","NSL.BlazorTemplate.Client.Pages.Account.Pages.Manage"
"E:\my\NSL\Templates\NSL.Template.Projects\content\nsl.blazortemplate\NSL.BlazorTemplate\NSL.BlazorTemplate.Client\Pages\Account\Pages\Manage\Index.razor.cs","NSL.BlazorTemplate.Client.Pages.Account.Pages.Manage"
"E:\my\NSL\Templates\NSL.Template.Projects\content\nsl.blazortemplate\NSL.BlazorTemplate\NSL.BlazorTemplate.Client\Pages\Account\Pages\Manage\PersonalData.razor.cs","NSL.BlazorTemplate.Client.Pages.Account.Pages.Manage"
"E:\my\NSL\Templates\NSL.Template.Projects\content\nsl.blazortemplate\NSL.BlazorTemplate\NSL.BlazorTemplate.Client\Pages\Account\Pages\Manage\ResetAuthenticator.razor.cs","NSL.BlazorTemplate.Client.Pages.Account.Pages.Manage"
"E:\my\NSL\Templates\NSL.Template.Projects\content\nsl.blazortemplate\NSL.BlazorTemplate\NSL.BlazorTemplate.Client\Pages\Account\Pages\Manage\SetPassword.razor.cs","NSL.BlazorTemplate.Client.Pages.Account.Pages.Manage"
"E:\my\NSL\Templates\NSL.Template.Projects\content\nsl.blazortemplate\NSL.BlazorTemplate\NSL.BlazorTemplate.Client\Pages\Account\Pages\Manage\TwoFactorAuthentication.razor.cs","NSL.BlazorTemplate.Client.Pages.Account.Pages.Manage"
"E:\my\NSL\Templates\NSL.Template.Projects\content\nsl.blazortemplate\NSL.BlazorTemplate\NSL.BlazorTemplate.Client\Pages\Account\Shared\ExternalLoginPicker.razor.cs","NSL.BlazorTemplate.Client.Pages.Account.Shared"
"E:\my\NSL\Templates\NSL.Template.Projects\content\nsl.blazortemplate\NSL.BlazorTemplate\NSL.BlazorTemplate.Client\Services\HubIdentityService.cs","NSL.BlazorTemplate.Client.Services"
"E:\my\NSL\Templates\NSL.Template.Projects\content\nsl.blazortemplate\NSL.BlazorTemplate.Shared\Client\DotNetIdentity\AuthenticationScheme.cs","NSL.BlazorTemplate.Shared.Client.DotNetIdentity"
"E:\my\NSL\Templates\NSL.Template.Projects\content\nsl.blazortemplate\NSL.BlazorTemplate.Shared\Client\DotNetIdentity\IdentityError.cs","NSL.BlazorTemplate.Shared.Client.DotNetIdentity"
"E:\my\NSL\Templates\NSL.Template.Projects\content\nsl.blazortemplate\NSL.BlazorTemplate.Shared\Client\DotNetIdentity\UserLoginInfo.cs","NSL.BlazorTemplate.Shared.Client.DotNetIdentity"
"E:\my\NSL\Templates\NSL.Template.Projects\content\nsl.blazortemplate\NSL.BlazorTemplate.Shared\Controllers\IIdentityController.cs","NSL.BlazorTemplate.Shared.Controllers"
"E:\my\NSL\Templates\NSL.Template.Projects\content\nsl.blazortemplate\NSL.BlazorTemplate.Shared\Controllers\IUserController.cs","NSL.BlazorTemplate.Shared.Controllers"
"E:\my\NSL\Templates\NSL.Template.Projects\content\nsl.blazortemplate\NSL.BlazorTemplate.Shared\Models\UserModel.Client.cs","NSL.BlazorTemplate.Shared.Models"
"E:\my\NSL\Templates\NSL.Template.Projects\content\nsl.blazortemplate\NSL.BlazorTemplate.Shared\Models\UserModel.cs","NSL.BlazorTemplate.Shared.Models"
"E:\my\NSL\Templates\NSL.Template.Projects\content\nsl.blazortemplate\NSL.BlazorTemplate.Shared\Models\UserModel.Server.cs","NSL.BlazorTemplate.Shared.Models"
"E:\my\NSL\Templates\NSL.Template.Projects\content\nsl.blazortemplate\NSL.BlazorTemplate.Shared\Models\RequestModels\IdentityChangePasswordRequestModel.cs","NSL.BlazorTemplate.Shared.Models.RequestModels"
"E:\my\NSL\Templates\NSL.Template.Projects\content\nsl.blazortemplate\NSL.BlazorTemplate.Shared\Models\RequestModels\IdentityDeletePersonalDataRequestModel.cs","NSL.BlazorTemplate.Shared.Models.RequestModels"
"E:\my\NSL\Templates\NSL.Template.Projects\content\nsl.blazortemplate\NSL.BlazorTemplate.Shared\Models\RequestModels\IdentityEmailRequestModel.cs","NSL.BlazorTemplate.Shared.Models.RequestModels"
"E:\my\NSL\Templates\NSL.Template.Projects\content\nsl.blazortemplate\NSL.BlazorTemplate.Shared\Models\RequestModels\IdentityEnableAuthenticatorRequestModel.cs","NSL.BlazorTemplate.Shared.Models.RequestModels"
"E:\my\NSL\Templates\NSL.Template.Projects\content\nsl.blazortemplate\NSL.BlazorTemplate.Shared\Models\RequestModels\IdentityExternalLoginRequestModel.cs","NSL.BlazorTemplate.Shared.Models.RequestModels"
"E:\my\NSL\Templates\NSL.Template.Projects\content\nsl.blazortemplate\NSL.BlazorTemplate.Shared\Models\RequestModels\IdentityForgotPasswordRequestModel.cs","NSL.BlazorTemplate.Shared.Models.RequestModels"
"E:\my\NSL\Templates\NSL.Template.Projects\content\nsl.blazortemplate\NSL.BlazorTemplate.Shared\Models\RequestModels\IdentityIndexRequestModel.cs","NSL.BlazorTemplate.Shared.Models.RequestModels"
"E:\my\NSL\Templates\NSL.Template.Projects\content\nsl.blazortemplate\NSL.BlazorTemplate.Shared\Models\RequestModels\IdentityLoginRequestModel.cs","NSL.BlazorTemplate.Shared.Models.RequestModels"
"E:\my\NSL\Templates\NSL.Template.Projects\content\nsl.blazortemplate\NSL.BlazorTemplate.Shared\Models\RequestModels\IdentityLoginWith2faRequestModel.cs","NSL.BlazorTemplate.Shared.Models.RequestModels"
"E:\my\NSL\Templates\NSL.Template.Projects\content\nsl.blazortemplate\NSL.BlazorTemplate.Shared\Models\RequestModels\IdentityLoginWithRecoveryCodeRequestModel.cs","NSL.BlazorTemplate.Shared.Models.RequestModels"
"E:\my\NSL\Templates\NSL.Template.Projects\content\nsl.blazortemplate\NSL.BlazorTemplate.Shared\Models\RequestModels\IdentityRegisterRequestModel.Client.cs","NSL.BlazorTemplate.Shared.Models.RequestModels"
"E:\my\NSL\Templates\NSL.Template.Projects\content\nsl.blazortemplate\NSL.BlazorTemplate.Shared\Models\RequestModels\IdentityRegisterRequestModel.cs","NSL.BlazorTemplate.Shared.Models.RequestModels"
"E:\my\NSL\Templates\NSL.Template.Projects\content\nsl.blazortemplate\NSL.BlazorTemplate.Shared\Models\RequestModels\IdentityResendEmailConfirmationRequestModel.cs","NSL.BlazorTemplate.Shared.Models.RequestModels"
"E:\my\NSL\Templates\NSL.Template.Projects\content\nsl.blazortemplate\NSL.BlazorTemplate.Shared\Models\RequestModels\IdentityResetPasswordRequestModel.cs","NSL.BlazorTemplate.Shared.Models.RequestModels"
"E:\my\NSL\Templates\NSL.Template.Projects\content\nsl.blazortemplate\NSL.BlazorTemplate.Shared\Models\RequestModels\IdentitySetPasswordRequestModel.cs","NSL.BlazorTemplate.Shared.Models.RequestModels"
"E:\my\NSL\Templates\NSL.Template.Projects\content\nsl.blazortemplate\NSL.BlazorTemplate.Shared\Server\Data\ApplicationDbContext.cs","NSL.BlazorTemplate.Shared.Server.Data"
"E:\my\NSL\Templates\NSL.Template.Projects\content\nsl.blazortemplate\NSL.BlazorTemplate.Shared\Server\Data\ApplicationDbContextDesignFactory.cs","NSL.BlazorTemplate.Shared.Server.Data"
"E:\my\NSL\Templates\NSL.Template.Projects\content\nsl.blazortemplate\NSL.BlazorTemplate.Shared\Server\Manages\AppRoleManager.cs","NSL.BlazorTemplate.Shared.Server.Manages"
"E:\my\NSL\Templates\NSL.Template.Projects\content\nsl.blazortemplate\NSL.BlazorTemplate.Shared\Server\Manages\AppSignInManager.cs","NSL.BlazorTemplate.Shared.Server.Manages"
"E:\my\NSL\Templates\NSL.Template.Projects\content\nsl.blazortemplate\NSL.BlazorTemplate.Shared\Server\Manages\AppUserManager.cs","NSL.BlazorTemplate.Shared.Server.Manages"
"E:\my\NSL\Templates\NSL.Template.Projects\content\nsl.blazortemplate\NSL.BlazorTemplate.Shared\Server\Migrations\20250907220912_initial.cs","NSL.BlazorTemplate.Shared.Migrations"
"E:\my\NSL\Templates\NSL.Template.Projects\content\nsl.blazortemplate\NSL.BlazorTemplate.Shared\Server\Migrations\20250907220912_initial.Designer.cs","NSL.BlazorTemplate.Shared.Migrations"
"E:\my\NSL\Templates\NSL.Template.Projects\content\nsl.blazortemplate\NSL.BlazorTemplate.Shared\Server\Migrations\ApplicationDbContextModelSnapshot.cs","NSL.BlazorTemplate.Shared.Migrations"
"E:\my\NSL\Templates\NSL.Template.Projects\content\shared.combine.library\Class1.Client.cs","Shared.Combine.Library"
"E:\my\NSL\Templates\NSL.Template.Projects\content\shared.combine.library\Class1.cs","Shared.Combine.Library"
"E:\my\NSL\Templates\NSL.Template.Projects\content\shared.combine.library\Class1.Server.cs","Shared.Combine.Library"
"E:\my\NSL\Utils\NSL.Utils.JsonSchemeGen\Program.cs","NSL.Utils.JsonSchemeGen"
"E:\my\NSL\Utils\NSLLibMetaCleaner\Program.cs","NSLLibMetaCleaner"
"E:\my\NSL\Utils\NSLLibProjectFileFormatter\Program.cs","NSLLibProjectFileFormatter"
"E:\my\NSL\Utils\NSLLibProjectFileFormatter\ProjectFileInfo.cs","NSLLibProjectFileFormatter"
"E:\my\NSL\Utils\NSLLibProjectFileFormatter\Project\CSPROJ\CSProjBuilder.cs","NSLLibProjectFileFormatter.Project.CSPROJ"
"E:\my\NSL\Utils\NSLLibProjectFileFormatter\Project\CSPROJ\Formatter.cs","NSLLibProjectFileFormatter.Project.CSPROJ"
"E:\my\NSL\Utils\NSLLibProjectFileFormatter\Solution\SLNBuilder.cs","NSLLibProjectFileFormatter.Solution"
"E:\my\NSL\Utils\NSLLibProjectFileFormatter\Solution\SolutionProject.cs","NSLLibProjectFileFormatter.Solution"
"E:\my\NSL\Utils\NSLLibProjectFileFormatter\Solution\SolutionProjectPath.cs","NSLLibProjectFileFormatter.Solution"
